obs_id,recorded_time,sidereal,utc_time,name,lat,long,cmd,outlier,type,x,y,rising,l0,b0,p,incl,incl_obs,incl_diff,err,r_sun,modified,complemented
0,1788-06-04 07:29:45,FALSE,1788-06-04 07:08:57.411492,A,-23.47,130.83,55.87,FALSE,ec,,,,74.95,0.15,-13.98,50.54,,,,,FALSE,FALSE
0,1788-06-04 07:32:37,FALSE,1788-06-04 07:11:49.411492,B,-27.34,121.84,46.91,FALSE,ec,,,,74.93,0.15,-13.98,50.55,,,,,FALSE,FALSE
0,1788-06-04 07:33:12,FALSE,1788-06-04 07:12:24.411492,C,-28.43,120.24,45.32,FALSE,ec,,,,74.92,0.15,-13.98,50.55,,,,,FALSE,FALSE
0,1788-06-04 08:28:29,FALSE,1788-06-04 08:07:41.411492,D,-15.84,9.81,-64.6,FALSE,ec,,,,74.41,0.15,-13.97,49.71,,,,,FALSE,FALSE
1,1795-02-12 11:41:29.000000,FALSE,1795-02-12 11:37:21.554501,t,11.34,226.1,11.09,FALSE,ob,0.27,0.24,TRUE,215.02,-6.84,-16.9,-3.88,,0.47,-1.7,66.47,FALSE,FALSE
2,1795-03-03 12:28:00.000000,FALSE,1795-03-03 12:21:27.832571,t,-7.52,293.08,-31.28,FALSE,ob,-0.48,0.18,FALSE,324.36,-7.25,-22.52,6.38,,0.57,1.06,65.49,FALSE,FALSE
3,1795-03-03 12:32:03.000000,FALSE,1795-03-03 12:25:30.832571,t,-7.79,293.44,-30.88,FALSE,ob,-0.48,0.17,FALSE,324.33,-7.25,-22.52,7.28,,0.56,1.06,64.99,FALSE,FALSE
4,1795-03-03 12:35:58.500000,FALSE,1795-03-03 12:29:26.332571,t,-7.16,294.22,-30.07,FALSE,ob,-0.47,0.18,FALSE,324.29,-7.25,-22.52,8.16,,0.63,-1.12,64.99,TRUE,FALSE
5,1795-03-03 12:40:47.000000,FALSE,1795-03-03 12:34:14.832571,t,-7.55,293.07,-31.17,FALSE,ob,-0.48,0.18,FALSE,324.25,-7.25,-22.52,9.23,,0.62,-1.87,64.97,TRUE,FALSE
9,1795-03-04 12:44:33.000000,FALSE,1795-03-04 12:37:47.375873,t_petite,2.73,279.16,-31.87,FALSE,ob,-0.43,0.35,FALSE,311.04,-7.25,-22.75,10.11,,0.52,-0.67,65,FALSE,FALSE
9,1795-03-04 12:44:33.000000,FALSE,1795-03-04 12:37:47.375873,t_grande,-7.36,293.61,-17.43,FALSE,ob,-0.28,0.11,FALSE,311.04,-7.25,-22.75,10.11,,0.52,0,65,FALSE,FALSE
10,1795-03-04 12:49:21.000000,FALSE,1795-03-04 12:42:35.375873,t_grande,-8.2,293.79,-17.2,FALSE,ob,-0.28,0.09,FALSE,310.99,-7.25,-22.76,11.16,,0.52,0.97,64.99,FALSE,FALSE
10,1795-03-04 12:49:21.000000,FALSE,1795-03-04 12:42:35.375873,t_petite,0.89,279.48,-31.51,FALSE,ob,-0.43,0.32,FALSE,310.99,-7.25,-22.76,11.16,,0.52,0.64,65,FALSE,FALSE
11,1795-03-04 12:55:34.000000,FALSE,1795-03-04 12:48:48.375873,t_grande,-6.41,293.69,-17.25,FALSE,ob,-0.27,0.12,FALSE,310.94,-7.25,-22.76,12.5,,0.5,0.5,65.5,FALSE,FALSE
11,1795-03-04 12:55:34.000000,FALSE,1795-03-04 12:48:48.375873,t_petite,2.22,279.53,-31.41,FALSE,ob,-0.42,0.34,FALSE,310.94,-7.25,-22.76,12.5,,0.5,0.66,65.5,FALSE,FALSE
6,1795-03-04 01:01:58.500000,FALSE,1795-03-04 12:55:12.875873,t_grande,-7.65,294.32,-16.55,FALSE,ob,-0.27,0.1,FALSE,310.88,-7.25,-22.76,13.87,,0.53,-2,64.96,TRUE,FALSE
7,1795-03-04 01:06:12.000000,FALSE,1795-03-04 12:59:26.375873,t_grande,-8.31,293.61,-17.23,FALSE,ob,-0.28,0.09,FALSE,310.84,-7.25,-22.76,14.76,,0.53,-1.61,64.97,TRUE,FALSE
12,1795-03-05 12:26:51.000000,FALSE,1795-03-05 12:19:51.466427,t,-6.56,293.9,-4.12,FALSE,ob,-0.06,0.04,FALSE,298.02,-7.24,-22.98,6.18,,0.5,-0.46,65,FALSE,FALSE
13,1795-03-05 12:30:34.000000,FALSE,1795-03-05 12:23:34.466427,t,-7.21,294.6,-3.39,FALSE,ob,-0.05,0.02,FALSE,297.99,-7.24,-22.98,7.03,,0.51,0.9,65.49,FALSE,FALSE
14,1795-03-05 12:35:06.000000,FALSE,1795-03-05 12:28:06.466427,t,-6.97,293.95,-4,FALSE,ob,-0.06,0.03,FALSE,297.95,-7.24,-22.98,8.05,,0.5,0.91,64.99,FALSE,FALSE
15,1795-03-05 12:39:38.000000,FALSE,1795-03-05 12:32:38.466427,t,-7.91,295.28,-2.62,FALSE,ob,-0.05,0.01,FALSE,297.91,-7.24,-22.98,9.07,,0.49,-1.31,64.98,FALSE,FALSE
16,1795-03-05 12:43:44.000000,FALSE,1795-03-05 12:36:44.466427,t,-9.11,293.83,-4.04,FALSE,ob,-0.08,0,FALSE,297.87,-7.24,-22.98,9.98,,0.49,-2.64,64.93,FALSE,FALSE
17,1795-03-07 12:49:39.000000,FALSE,1795-03-07 12:42:10.379560,t,-8.09,295.43,23.96,FALSE,ob,0.36,-0.18,FALSE,271.47,-7.23,-23.41,11.41,,0.6,1.49,64.98,TRUE,FALSE
20,1796-07-05 09:19:14.000000,FALSE,1796-07-05 09:04:41.714171,t_B,6.14,290.03,-46.67,FALSE,hv,-0.72,0.07,TRUE,336.69,3.7,-0.27,-46.58,,0.32,,71.18,TRUE,TRUE
21,1796-07-05 09:24:11.000000,FALSE,1796-07-05 09:09:38.714171,t_A,-5.69,29.29,52.64,FALSE,hv,0.79,-0.14,TRUE,336.65,3.7,-0.27,-46.08,-46.33,0.41,,68.71,FALSE,FALSE
21,1796-07-05 09:24:11.000000,FALSE,1796-07-05 09:09:38.714171,t_B,6.51,285.68,-50.97,FALSE,hv,-0.77,0.08,TRUE,336.65,3.7,-0.27,-46.08,-46.33,0.41,,68.71,FALSE,FALSE
22,1796-07-05 09:30:23.000000,FALSE,1796-07-05 09:15:50.714171,t_B,5.63,284.89,-51.7,FALSE,hv,-0.78,0.06,TRUE,336.59,3.7,-0.27,-45.4,-45.44,0.46,,68.76,TRUE,FALSE
22,1796-07-05 09:30:23.000000,FALSE,1796-07-05 09:15:50.714171,t_A,-6.14,29.65,53.06,FALSE,hv,0.79,-0.15,TRUE,336.59,3.7,-0.27,-45.4,-45.44,0.46,,68.76,TRUE,FALSE
26,1796-07-07 09:01:09.000000,FALSE,1796-07-07 08:46:56.448878,t_B,5.88,285.63,-24.76,FALSE,hv,-0.42,0.04,TRUE,310.39,3.91,0.64,-47.93,-46.46,0.3,,69.23,FALSE,FALSE
27,1796-07-07 09:08:06.000000,FALSE,1796-07-07 08:53:53.448878,t_B,8.12,283.19,-27.14,FALSE,hv,-0.45,0.08,TRUE,310.32,3.91,0.64,-47.39,-48.66,0.35,,68.7,FALSE,FALSE
23,1796-07-07 06:35:55.300000,FALSE,1796-07-07 18:21:42.748878,t_B,5.44,284.38,-20.73,FALSE,hv,-0.35,0.03,FALSE,305.11,3.95,0.82,45.6,45.15,0.25,,68.77,TRUE,FALSE
24,1796-07-07 06:42:12.000000,FALSE,1796-07-07 18:27:59.448878,t_B,5.45,285.21,-19.84,FALSE,hv,-0.34,0.03,FALSE,305.05,3.95,0.82,45.16,45.15,0.27,,68.77,FALSE,FALSE
25,1796-07-07 06:48:43.000000,FALSE,1796-07-07 18:34:30.448878,t_B,5.24,285.95,-19.04,FALSE,hv,-0.33,0.02,FALSE,304.99,3.95,0.82,44.69,45.58,0.33,,69.29,FALSE,FALSE
28,1796-07-08 06:00:07.000000,FALSE,1796-07-08 05:46:03.728507,t_B,6.18,289.02,-9.8,FALSE,hv,-0.17,0.04,TRUE,298.82,4,1.04,-47.77,-49.69,0.27,,68.25,FALSE,FALSE
29,1796-07-08 06:05:57.000000,FALSE,1796-07-08 05:51:53.728507,t_B,5.36,285.07,-13.69,FALSE,hv,-0.24,0.02,TRUE,298.76,4,1.04,-48.07,-50.51,0.18,,68.68,FALSE,FALSE
30,1796-07-08 06:12:18.000000,FALSE,1796-07-08 05:58:14.728507,t_B,5.35,285.09,-13.61,FALSE,hv,-0.23,0.02,TRUE,298.7,4,1.04,-48.37,-50.19,0.18,,69.14,FALSE,FALSE
31,1796-07-08 06:17:41.000000,FALSE,1796-07-08 06:03:37.728507,t_B,5.77,285.05,-13.61,FALSE,hv,-0.23,0.03,TRUE,298.66,4,1.04,-48.62,-50.22,0.18,,68.78,FALSE,FALSE
32,1796-07-08 06:33:37.000000,FALSE,1796-07-08 18:19:33.728507,t_B,6.04,285.78,-6.11,FALSE,hv,-0.11,0.03,FALSE,291.89,4.05,1.28,45.75,46.03,0.24,,68.73,TRUE,FALSE
33,1796-07-08 06:38:14.000000,FALSE,1796-07-08 18:24:10.728507,t_B,6.65,285.96,-5.89,FALSE,hv,-0.1,0.04,FALSE,291.85,4.05,1.28,45.43,45.88,0.24,,68.92,FALSE,FALSE
34,1796-07-08 06:43:08.000000,FALSE,1796-07-08 18:29:04.728507,t_B,5.6,286.6,-5.2,FALSE,hv,-0.09,0.03,FALSE,291.8,4.05,1.28,45.09,45.44,0.24,,69.11,FALSE,FALSE
35,1796-07-08 06:48:14.000000,FALSE,1796-07-08 18:34:10.728507,t_B,6.03,285.26,-6.5,FALSE,hv,-0.11,0.03,FALSE,291.76,4.05,1.28,44.71,46.03,0.27,,69.09,FALSE,FALSE
38,1796-07-09 06:15:57.500000,FALSE,1796-07-09 06:02:03.087411,t,5.04,287.97,2.53,FALSE,hv,0.04,0.02,TRUE,285.44,4.1,1.5,-48.51,-51.15,0.17,,69.31,TRUE,FALSE
40,1796-07-09 06:22:08.000000,FALSE,1796-07-09 06:08:13.587411,t,5.52,285.12,-0.26,FALSE,hv,-0.01,0.02,TRUE,285.38,4.1,1.5,-48.78,-51.47,0.15,,68.84,FALSE,FALSE
36,1796-07-09 06:09:46.500000,FALSE,1796-07-09 17:55:52.087411,t,5.17,285.65,6.77,FALSE,hv,0.12,0.02,FALSE,278.88,4.15,1.72,47.2,45.59,0.25,,68.22,FALSE,FALSE
37,1796-07-09 06:15:39.000000,FALSE,1796-07-09 18:01:44.587411,t,5.81,285.41,6.58,FALSE,hv,0.11,0.03,FALSE,278.82,4.15,1.73,46.86,45.15,0.21,,68.41,FALSE,FALSE
39,1796-07-09 06:21:19.000000,FALSE,1796-07-09 18:07:24.587411,t,6.02,285.19,6.42,FALSE,hv,0.11,0.04,FALSE,278.77,4.15,1.73,46.52,44.41,0.21,,68.58,FALSE,FALSE
41,1796-07-09 06:26:11.000000,FALSE,1796-07-09 18:12:16.587411,t,6.22,285.4,6.67,FALSE,hv,0.11,0.04,FALSE,278.73,4.15,1.73,46.22,44.26,0.24,,68.4,FALSE,FALSE
46,1796-07-10 06:26:40.500000,FALSE,1796-07-10 06:12:54.506278,t,6.08,285.75,13.65,FALSE,hv,0.23,0.04,TRUE,272.1,4.2,1.96,-48.93,-50.22,0.14,,68.78,FALSE,FALSE
47,1796-07-10 06:32:01.000000,FALSE,1796-07-10 06:18:15.006278,t,5.65,285.69,13.64,FALSE,hv,0.23,0.04,TRUE,272.05,4.2,1.96,-49.13,-51.34,0.13,,68.72,TRUE,FALSE
48,1796-07-10 06:38:15.000000,FALSE,1796-07-10 06:24:29.006278,t,5.47,285.34,13.34,FALSE,hv,0.23,0.03,TRUE,272,4.2,1.96,-49.35,-50.93,0.13,,68.71,FALSE,FALSE
49,1796-07-10 06:46:31.000000,FALSE,1796-07-10 06:32:45.006278,t,5.65,285.65,13.73,FALSE,hv,0.24,0.04,TRUE,271.92,4.2,1.96,-49.61,-51.91,0.1,,68.47,FALSE,FALSE
42,1796-07-10 06:04:45.000000,FALSE,1796-07-10 17:50:59.006278,t,6.41,285.11,19.42,FALSE,hv,0.33,0.05,FALSE,265.69,4.24,2.18,47.45,46.33,0.19,,68.71,FALSE,FALSE
43,1796-07-10 06:09:49.500000,FALSE,1796-07-10 17:56:03.506278,t,5.95,285.97,20.33,FALSE,hv,0.34,0.05,FALSE,265.64,4.24,2.18,47.17,47.52,0.2,,68.21,FALSE,FALSE
44,1796-07-10 06:18:06.000000,FALSE,1796-07-10 18:04:20.006278,t,6.17,285.66,20.1,FALSE,hv,0.34,0.05,FALSE,265.57,4.24,2.18,46.69,46.77,0.2,,68.49,FALSE,FALSE
45,1796-07-10 06:23:16.000000,FALSE,1796-07-10 18:09:30.006278,t,5.98,285.42,19.9,FALSE,hv,0.34,0.05,FALSE,265.52,4.24,2.18,46.38,47.22,0.21,,68.26,FALSE,FALSE
50,1796-07-11 06:59:38.000000,FALSE,1796-07-11 06:45:59.967718,t_B,5.43,285.43,26.86,FALSE,hv,0.45,0.05,TRUE,258.57,4.3,2.42,-49.9,-49.24,0.08,,68.55,FALSE,FALSE
51,1796-07-11 07:05:56.000000,FALSE,1796-07-11 06:52:17.967718,t_B,5.76,286.09,27.58,FALSE,hv,0.46,0.05,TRUE,258.51,4.3,2.42,-50.02,-50.93,0.07,,68.71,FALSE,FALSE
52,1796-07-11 07:12:06.000000,FALSE,1796-07-11 06:58:27.967718,t_B,5.8,285.48,27.03,FALSE,hv,0.45,0.05,TRUE,258.45,4.3,2.43,-50.13,-50.64,0.05,,68.81,FALSE,FALSE
52,1796-07-11 07:12:06.000000,FALSE,1796-07-11 06:58:27.967718,t_C,13.88,209.29,-49.16,FALSE,hv,-0.74,0.16,TRUE,258.45,4.3,2.43,-50.13,-50.64,0.05,,68.81,FALSE,FALSE
52,1796-07-11 07:12:06.000000,FALSE,1796-07-11 06:58:27.967718,t_D,13.75,205.23,-53.22,FALSE,hv,-0.79,0.16,TRUE,258.45,4.3,2.43,-50.13,-50.64,0.05,,68.81,FALSE,FALSE
53,1796-07-11 07:18:19.000000,FALSE,1796-07-11 07:04:40.967718,t_B,5.4,285.13,26.74,FALSE,hv,0.45,0.05,TRUE,258.39,4.3,2.43,-50.21,-51.79,0.04,,68.36,FALSE,FALSE
53,1796-07-11 07:18:19.000000,FALSE,1796-07-11 07:04:40.967718,t_C,12.64,209.82,-48.58,FALSE,hv,-0.74,0.14,TRUE,258.39,4.3,2.43,-50.21,-51.79,0.04,,68.36,FALSE,FALSE
53,1796-07-11 07:18:19.000000,FALSE,1796-07-11 07:04:40.967718,t_D,12.95,206.56,-51.83,FALSE,hv,-0.77,0.15,TRUE,258.39,4.3,2.43,-50.21,-51.79,0.04,,68.36,FALSE,FALSE
54,1796-07-13 06:12:01.000000,FALSE,1796-07-13 17:58:37.457697,t_E,10.81,186.89,-39.03,FALSE,hv,-0.63,0.09,FALSE,225.92,4.53,3.54,46.98,46.79,0.2,,67.78,FALSE,FALSE
55,1796-07-13 06:17:14.000000,FALSE,1796-07-13 18:03:50.457697,t_E,10.39,186.52,-39.35,FALSE,hv,-0.63,0.08,FALSE,225.87,4.53,3.54,46.68,46.19,0.22,,67.84,TRUE,FALSE
56,1796-07-13 06:22:16.500000,FALSE,1796-07-13 18:08:52.957697,t_E,11.04,186.31,-39.51,FALSE,hv,-0.63,0.09,FALSE,225.83,4.53,3.54,46.38,46.94,0.24,,67.59,FALSE,FALSE
57,1796-07-13 06:27:38.000000,FALSE,1796-07-13 18:14:14.457697,t_E,11.02,186.79,-38.99,FALSE,hv,-0.62,0.09,FALSE,225.78,4.53,3.54,46.05,46.04,0.21,,68.03,TRUE,FALSE
58,1796-07-14 07:26:58.000000,FALSE,1796-07-14 07:13:40.959842,t_F,-7.07,186.48,-32.13,TRUE,hv,-0.51,-0.22,TRUE,218.61,4.58,3.78,-50.09,,0.01,,54.85,FALSE,TRUE
61,1796-07-15 08:14:20.000000,FALSE,1796-07-15 08:01:08.951380,t_F,8.37,186.67,-18.27,FALSE,hv,-0.31,0.05,TRUE,204.95,4.68,4.25,-49.47,,0.08,,63.47,TRUE,TRUE
63,1796-07-15 08:25:43.000000,FALSE,1796-07-15 08:12:31.951380,t_F,10.78,185.95,-18.89,FALSE,hv,-0.33,0.09,TRUE,204.84,4.68,4.25,-49.09,-53.88,0.16,,68.67,FALSE,FALSE
64,1796-07-15 08:34:57.000000,FALSE,1796-07-15 08:21:45.951380,t_F,11.17,185.82,-18.93,FALSE,hv,-0.33,0.09,TRUE,204.76,4.68,4.25,-48.68,-50.25,0.18,,68.42,FALSE,FALSE
59,1796-07-15 06:44:36.000000,FALSE,1796-07-15 18:31:24.951380,t_F,11.87,186.95,-12.2,FALSE,hv,-0.22,0.11,FALSE,199.15,4.72,4.44,44.88,45.89,0.25,,68.21,FALSE,FALSE
60,1796-07-15 06:49:36.000000,FALSE,1796-07-15 18:36:24.951380,t_F,10.62,186.68,-12.42,FALSE,hv,-0.22,0.09,FALSE,199.11,4.72,4.44,44.53,44.7,0.26,,68.23,FALSE,FALSE
65,1796-07-16 07:19:45.000000,FALSE,1796-07-16 07:06:39.422156,t_F,11.12,186.74,-5.47,FALSE,hv,-0.1,0.1,TRUE,192.21,4.77,4.68,-49.9,-52.07,0.03,,68.23,FALSE,FALSE
66,1796-07-16 07:29:30.000000,FALSE,1796-07-16 07:16:24.422156,t_F,12.26,187.73,-4.4,FALSE,hv,-0.09,0.12,TRUE,192.13,4.77,4.68,-49.96,-53.21,0,,67.67,FALSE,FALSE
67,1796-07-19 07:43:13.500000,FALSE,1796-07-19 07:30:21.122532,t_G,13.3,155.92,3.61,FALSE,hv,0.05,0.15,TRUE,152.3,5.04,6.01,-49.67,-52.23,0.04,,67.98,FALSE,FALSE
68,1796-07-19 07:48:13.000000,FALSE,1796-07-19 07:35:20.622532,t_G,12.62,155.67,3.42,FALSE,hv,0.04,0.14,TRUE,152.26,5.04,6.01,-49.62,-53.17,0.05,,68.04,FALSE,FALSE
70,1796-07-20 07:29:50.000000,FALSE,1796-07-20 07:17:00.927414,t_G,11.5,156.68,17.48,FALSE,hv,0.28,0.15,TRUE,139.2,5.12,6.44,-49.63,-51.28,0,,67.87,FALSE,FALSE
71,1796-07-24 06:59:43.000000,FALSE,1796-07-24 06:47:01.530803,t_H,-5.56,29.26,-57.29,FALSE,hv,-0.81,-0.26,TRUE,86.56,5.45,8.15,-49.09,-52.27,0.06,,67.62,FALSE,FALSE
72,1796-07-24 07:05:34.000000,FALSE,1796-07-24 06:52:52.530803,t_H,-4.47,40.7,-45.81,FALSE,hv,-0.69,-0.24,TRUE,86.5,5.45,8.16,-49.17,,0.04,,70.29,TRUE,TRUE
73,1796-07-24 07:10:20.000000,FALSE,1796-07-24 06:57:38.530803,t_H,-6.95,31.49,-54.97,FALSE,hv,-0.78,-0.29,TRUE,86.46,5.45,8.16,-49.22,-51.73,0.03,,67.52,FALSE,FALSE
74,1796-07-24 07:16:51.000000,FALSE,1796-07-24 07:04:09.530803,t_H,-6.81,30.91,-55.49,FALSE,hv,-0.79,-0.29,TRUE,86.4,5.45,8.16,-49.26,-52.84,0.02,,67.35,FALSE,FALSE
75,1796-07-25 07:41:12.000000,FALSE,1796-07-25 07:28:31.011440,t_H,-6.6,32.66,-40.28,FALSE,hv,-0.61,-0.28,TRUE,72.95,5.53,8.59,-49.11,-53.25,0.05,,67.31,FALSE,FALSE
76,1796-07-25 07:51:12.000000,FALSE,1796-07-25 07:38:31.011440,t_H,-6.74,31.21,-41.65,FALSE,hv,-0.62,-0.28,TRUE,72.86,5.53,8.59,-48.97,-52.47,0.07,,67.01,FALSE,FALSE
77,1796-07-26 07:34:46.000000,FALSE,1796-07-26 07:22:04.919709,t_H,-7.59,32.03,-27.75,FALSE,hv,-0.42,-0.29,TRUE,59.78,5.61,9.01,-49.07,-51.63,0.03,,67.04,FALSE,FALSE
78,1796-07-26 07:39:51.500000,FALSE,1796-07-26 07:27:10.419709,t_H,-2.42,41.6,-18.13,TRUE,hv,-0.29,-0.18,TRUE,59.73,5.61,9.01,-49.02,,0.05,,71.81,FALSE,TRUE
79,1796-07-28 07:48:34.000000,FALSE,1796-07-28 07:35:51.012028,t,-7.22,31.08,-2.12,FALSE,hv,0,-0.23,TRUE,33.2,5.76,9.84,-48.68,-51.6,0.07,,67.4,FALSE,FALSE
80,1796-07-28 07:54:07.000000,FALSE,1796-07-28 07:41:24.012028,t,-7.48,30.04,-3.11,FALSE,hv,-0.01,-0.23,TRUE,33.15,5.76,9.85,-48.57,-52.8,0.09,,67.71,FALSE,FALSE
81,1796-07-29 08:47:17.000000,FALSE,1796-07-29 08:34:32.191793,t_H,-6.98,31.94,12.51,FALSE,hv,0.25,-0.18,TRUE,19.44,5.83,10.27,-46.05,-53.37,0.27,,67.41,FALSE,FALSE
82,1796-07-29 08:53:25.500000,FALSE,1796-07-29 08:40:40.691793,t_H,-7.47,31.23,11.85,FALSE,hv,0.24,-0.19,TRUE,19.38,5.83,10.27,-45.6,-48.44,0.27,,67.34,FALSE,FALSE
83,1796-07-29 09:01:12.000000,FALSE,1796-07-29 08:48:27.191793,t_I,-5.65,2.08,-17.23,FALSE,hv,-0.26,-0.24,TRUE,19.31,5.83,10.28,-44.96,-54.65,0.35,,67.7,FALSE,FALSE
84,1796-07-29 09:06:57.000000,FALSE,1796-07-29 08:54:12.191793,t_I,-6.21,1.78,-17.47,FALSE,hv,-0.26,-0.25,TRUE,19.25,5.84,10.28,-44.44,-50.59,0.34,,67.61,FALSE,FALSE
85,1796-07-30 07:56:22.000000,FALSE,1796-07-30 07:43:34.790250,t_H,-6.18,33.9,27.22,FALSE,hv,0.48,-0.11,TRUE,6.68,5.9,10.66,-48.28,-53.25,0.1,,67.31,FALSE,FALSE
85,1796-07-30 07:56:22.000000,FALSE,1796-07-30 07:43:34.790250,t_I,-4.25,1.72,-4.96,FALSE,hv,-0.05,-0.19,TRUE,6.68,5.9,10.66,-48.28,-53.25,0.1,,67.31,FALSE,FALSE
86,1796-07-30 08:02:34.000000,FALSE,1796-07-30 07:49:46.790250,t_H,-7.59,30.92,24.3,FALSE,hv,0.44,-0.14,TRUE,6.62,5.9,10.67,-48.11,-51.47,0.11,,67.28,FALSE,FALSE
86,1796-07-30 08:02:34.000000,FALSE,1796-07-30 07:49:46.790250,t_I,-6.06,2.31,-4.31,FALSE,hv,-0.04,-0.22,TRUE,6.62,5.9,10.67,-48.11,-51.47,0.11,,67.28,FALSE,FALSE
87,1796-07-31 07:03:34.000000,FALSE,1796-07-31 06:50:43.803884,t_I,-5.55,4.21,10.27,FALSE,hv,0.21,-0.16,TRUE,353.94,5.97,11.05,-48.59,-50.92,0.03,,67.14,FALSE,FALSE
88,1796-07-31 07:09:46.000000,FALSE,1796-07-31 06:56:55.803884,t_H,-9.32,31.95,38.07,FALSE,hv,0.64,-0.12,TRUE,353.88,5.97,11.06,-48.63,-50.19,0.01,,67.22,TRUE,FALSE
90,1796-09-01 07:54:00.000000,FALSE,1796-09-01 07:34:45.401093,t_L,13.1,224.95,-65.68,FALSE,hv,-0.89,-0.17,TRUE,290.63,7.23,21.67,-44.13,-46.09,0.17,,64.84,TRUE,FALSE
90,1796-09-01 07:54:00.000000,FALSE,1796-09-01 07:34:45.401093,t_K,10.46,223.47,-67.16,FALSE,hv,-0.89,-0.21,TRUE,290.63,7.23,21.67,-44.13,-46.09,0.17,,64.84,TRUE,FALSE
91,1796-09-01 07:55:09.000000,FALSE,1796-09-01 07:35:54.401093,t_K,9.91,225.6,-65.02,FALSE,hv,-0.87,-0.22,TRUE,290.62,7.23,21.67,-44.07,-44.84,0.17,,64.88,FALSE,FALSE
91,1796-09-01 07:55:09.000000,FALSE,1796-09-01 07:35:54.401093,t_L,13.54,225.1,-65.52,FALSE,hv,-0.89,-0.16,TRUE,290.62,7.23,21.67,-44.07,-44.84,0.17,,64.88,FALSE,FALSE
92,1796-09-02 07:47:08.000000,FALSE,1796-09-02 07:27:34.441237,t_K,11.36,223.48,-54.01,FALSE,hv,-0.78,-0.18,TRUE,277.49,7.24,21.91,-44.35,-44.22,0.18,,64.51,FALSE,FALSE
92,1796-09-02 07:47:08.000000,FALSE,1796-09-02 07:27:34.441237,t_L,14.16,222.78,-54.71,FALSE,hv,-0.8,-0.14,TRUE,277.49,7.24,21.91,-44.35,-44.22,0.18,,64.51,FALSE,FALSE
93,1796-09-02 07:56:54.000000,FALSE,1796-09-02 07:37:20.441237,t_K,11.34,221.94,-55.46,FALSE,hv,-0.8,-0.19,TRUE,277.4,7.24,21.91,-43.85,-45,0.17,,64.7,FALSE,FALSE
93,1796-09-02 07:56:54.000000,FALSE,1796-09-02 07:37:20.441237,t_L,13.41,223.49,-53.92,FALSE,hv,-0.79,-0.15,TRUE,277.4,7.24,21.91,-43.85,-45,0.17,,64.7,FALSE,FALSE
94,1796-09-02 08:03:15.000000,FALSE,1796-09-02 07:43:41.441237,t_M,-13.18,231.89,-45.46,FALSE,hv,-0.53,-0.55,TRUE,277.34,7.24,21.91,-43.5,-44.69,0.19,,64.7,TRUE,FALSE
94,1796-09-02 08:03:15.000000,FALSE,1796-09-02 07:43:41.441237,t_N,-14.74,225.72,-51.62,FALSE,hv,-0.58,-0.59,TRUE,277.34,7.24,21.91,-43.5,-44.69,0.19,,64.7,TRUE,FALSE
94,1796-09-02 08:03:15.000000,FALSE,1796-09-02 07:43:41.441237,t_K,10.36,222.5,-54.85,FALSE,hv,-0.79,-0.2,TRUE,277.34,7.24,21.91,-43.5,-44.69,0.19,,64.7,TRUE,FALSE
94,1796-09-02 08:03:15.000000,FALSE,1796-09-02 07:43:41.441237,t_L,13.49,222.83,-54.52,FALSE,hv,-0.79,-0.15,TRUE,277.34,7.24,21.91,-43.5,-44.69,0.19,,64.7,TRUE,FALSE
95,1796-09-04 04:50:06.000000,FALSE,1796-09-04 16:29:53.734777,t_M,-14.49,232.3,-13.8,FALSE,hv,-0.07,-0.43,FALSE,246.11,7.25,22.47,45.42,43.74,0.09,,64.3,TRUE,FALSE
95,1796-09-04 04:50:06.000000,FALSE,1796-09-04 16:29:53.734777,t_K,10.31,222.2,-23.91,FALSE,hv,-0.39,-0.09,FALSE,246.11,7.25,22.47,45.42,43.74,0.09,,64.3,TRUE,FALSE
95,1796-09-04 04:50:06.000000,FALSE,1796-09-04 16:29:53.734777,t_L,13.92,222.62,-23.48,FALSE,hv,-0.41,-0.03,FALSE,246.11,7.25,22.47,45.42,43.74,0.09,,64.3,TRUE,FALSE
96,1796-09-04 05:00:36.000000,FALSE,1796-09-04 16:40:23.734777,t_M,-13.88,232.01,-14,FALSE,hv,-0.08,-0.42,FALSE,246.01,7.25,22.48,45.65,43.74,0.06,,64.3,FALSE,FALSE
96,1796-09-04 05:00:36.000000,FALSE,1796-09-04 16:40:23.734777,t_L,16.45,221.89,-24.12,FALSE,hv,-0.43,0.01,FALSE,246.01,7.25,22.48,45.65,43.74,0.06,,64.3,FALSE,FALSE
97,1796-09-05 09:00:53.000000,FALSE,1796-09-05 08:40:21.016836,t_L,14.48,222.15,-15.05,FALSE,hv,-0.28,0.02,TRUE,237.21,7.25,22.63,-38.2,-42.8,0.37,,64.2,FALSE,FALSE
97,1796-09-05 09:00:53.000000,FALSE,1796-09-05 08:40:21.016836,t_M,-13.58,232.72,-4.49,FALSE,hv,0.07,-0.36,TRUE,237.21,7.25,22.63,-38.2,-42.8,0.37,,64.2,FALSE,FALSE
98,1796-09-05 09:06:18.000000,FALSE,1796-09-05 08:45:46.016836,t_M,-13.99,232.05,-5.11,FALSE,hv,0.06,-0.37,TRUE,237.16,7.25,22.63,-37.58,-43.42,0.37,,63.92,FALSE,FALSE
98,1796-09-05 09:06:18.000000,FALSE,1796-09-05 08:45:46.016836,t_L,14.66,221.61,-15.55,FALSE,hv,-0.29,0.02,TRUE,237.16,7.25,22.63,-37.58,-43.42,0.37,,63.92,FALSE,FALSE
99,1796-09-06 08:39:00.000000,FALSE,1796-09-06 08:18:08.076477,t_M,-13.87,232.02,7.82,FALSE,hv,0.26,-0.28,TRUE,224.21,7.25,22.85,-40.26,-43.74,0.29,,64.3,FALSE,FALSE
99,1796-09-06 08:39:00.000000,FALSE,1796-09-06 08:18:08.076477,t_L,14,221.89,-2.32,FALSE,hv,-0.08,0.09,TRUE,224.21,7.25,22.85,-40.26,-43.74,0.29,,64.3,FALSE,FALSE
100,1796-09-06 08:43:58.000000,FALSE,1796-09-06 08:23:06.076477,t_M,-13.56,233.36,9.21,FALSE,hv,0.28,-0.27,TRUE,224.16,7.25,22.85,-39.8,-43.42,0.33,,63.92,FALSE,FALSE
100,1796-09-06 08:43:58.000000,FALSE,1796-09-06 08:23:06.076477,t_L,13.46,222.04,-2.12,FALSE,hv,-0.08,0.09,TRUE,224.16,7.25,22.85,-39.8,-43.42,0.33,,63.92,FALSE,FALSE
101,1796-09-07 07:39:37.000000,FALSE,1796-09-07 07:18:24.930461,t_M,-14.46,231.66,20.11,FALSE,hv,0.45,-0.2,TRUE,211.55,7.24,23.06,-44.14,-46.9,0.15,,63.89,FALSE,FALSE
101,1796-09-07 07:39:37.000000,FALSE,1796-09-07 07:18:24.930461,t_L,13.87,222.36,10.81,FALSE,hv,0.12,0.18,TRUE,211.55,7.24,23.06,-44.14,-46.9,0.15,,63.89,FALSE,FALSE
102,1796-09-07 07:44:52.500000,FALSE,1796-09-07 07:23:40.430461,t_M,-14.17,233.05,21.55,FALSE,hv,0.47,-0.19,TRUE,211.5,7.24,23.06,-43.89,-45.64,0.17,,63.63,FALSE,FALSE
102,1796-09-07 07:44:52.500000,FALSE,1796-09-07 07:23:40.430461,t_L,13.7,221.72,10.22,FALSE,hv,0.11,0.17,TRUE,211.5,7.24,23.06,-43.89,-45.64,0.17,,63.63,FALSE,FALSE
103,1796-09-08 08:35:49.000000,FALSE,1796-09-08 08:14:16.596460,t_M,-13.91,232.58,34.75,FALSE,hv,0.64,-0.09,TRUE,197.83,7.24,23.28,-40.25,-42.81,0.31,,64.56,FALSE,FALSE
104,1796-09-08 08:41:01.000000,FALSE,1796-09-08 08:19:28.596460,t_M,-13.99,232.67,34.88,FALSE,hv,0.64,-0.09,TRUE,197.79,7.24,23.28,-39.77,-41.54,0.35,,63.99,TRUE,FALSE
105,1796-09-09 08:32:44.000000,FALSE,1796-09-09 08:10:51.092961,t_L,12.8,221.76,37.1,FALSE,hv,0.49,0.35,TRUE,184.66,7.23,23.48,-40.38,-39.69,0.3,,63.87,FALSE,FALSE
106,1796-09-09 08:37:54.000000,FALSE,1796-09-09 08:16:01.092961,t_L,12.66,221.26,36.64,FALSE,hv,0.49,0.34,TRUE,184.61,7.23,23.48,-39.92,-41.23,0.3,,63.93,FALSE,FALSE
107,1796-09-10 08:10:55.500000,FALSE,1796-09-10 07:48:41.939193,t_L,13.13,220.45,48.79,FALSE,hv,0.61,0.43,TRUE,171.66,7.22,23.68,-41.98,-42.17,0.26,,64.11,FALSE,FALSE
108,1796-09-10 08:16:07.000000,FALSE,1796-09-10 07:53:53.439193,t_L,13.65,220.92,49.31,FALSE,hv,0.61,0.44,TRUE,171.61,7.22,23.68,-41.6,-42.65,0.28,,64.36,FALSE,FALSE
109,1796-09-11 08:01:27.000000,FALSE,1796-09-11 07:38:52.655031,t_L,13.37,220.68,62.13,FALSE,hv,0.72,0.51,TRUE,158.55,7.21,23.87,-42.5,-45.32,0.23,,63.28,TRUE,FALSE
110,1796-09-11 08:06:03.000000,FALSE,1796-09-11 07:43:28.655031,t_L,13.03,220.42,61.92,FALSE,hv,0.72,0.5,TRUE,158.51,7.21,23.87,-42.19,-44.22,0.33,,64.51,TRUE,FALSE
111,1796-09-12 08:27:37.000000,FALSE,1796-09-12 08:04:41.760967,t_L,16.77,217.81,72.7,FALSE,hv,0.73,0.6,TRUE,145.11,7.19,24.06,-40.41,-46.94,0.35,,67.59,FALSE,FALSE
112,1796-10-13 07:47:20.000000,FALSE,1796-10-13 07:14:40.757705,t_N,4.13,24.9,-71.62,FALSE,hv,-0.86,-0.39,TRUE,96.51,5.74,26.54,-40.74,-41,0.28,,65.28,FALSE,FALSE
113,1796-10-13 07:52:34.000000,FALSE,1796-10-13 07:19:54.757705,t_N,3.66,24.54,-71.92,FALSE,hv,-0.86,-0.39,TRUE,96.46,5.74,26.54,-40.33,-40.58,0.29,,65.7,FALSE,FALSE
116,1796-10-14 08:32:44.000000,FALSE,1796-10-14 07:59:51.404501,t_N,3.62,23.54,-59.37,FALSE,hv,-0.77,-0.37,TRUE,82.91,5.66,26.5,-36.5,-37.67,0.42,,65.7,FALSE,FALSE
117,1796-10-14 08:38:35.000000,FALSE,1796-10-14 08:05:42.404501,t_N,3.28,23.79,-59.06,FALSE,hv,-0.77,-0.38,TRUE,82.85,5.66,26.5,-35.86,-36.16,0.42,,65.8,FALSE,FALSE
114,1796-10-14 00:05:11.000000,FALSE,1796-10-14 11:32:18.404501,t_N,4.14,25.37,-55.59,FALSE,ob,-0.74,-0.35,FALSE,80.96,5.65,26.49,1.16,,0.58,-2.02,65.46,FALSE,FALSE
115,1796-10-14 00:09:33.000000,FALSE,1796-10-14 11:36:40.404501,t_N,3.29,24.79,-56.13,FALSE,ob,-0.74,-0.37,FALSE,80.92,5.65,26.49,2.13,,0.58,-2.07,65.46,FALSE,FALSE
119,1796-10-23 11:51:31.000000,FALSE,1796-10-23 11:17:05.584541,t_N,4.42,38.47,76.07,FALSE,ob,0.85,0.47,TRUE,322.4,4.87,25.82,-1.82,,0.56,-3.27,65.89,FALSE,FALSE
118,1796-10-23 00:05:13.000000,FALSE,1796-10-23 11:30:47.584541,t_N,4.54,34.49,72.22,FALSE,ob,0.83,0.46,FALSE,322.28,4.87,25.82,1.12,,0.56,-3.18,66.4,FALSE,FALSE
121,1796-11-13 11:59:49.000000,FALSE,1796-11-13 11:25:43.421365,t,4.94,52.54,7.08,FALSE,ob,0.1,0.08,TRUE,45.45,2.62,21.76,-0.03,,0.47,-2.73,68.42,TRUE,FALSE
120,1796-11-13 00:04:53.000000,FALSE,1796-11-13 11:30:47.421365,t,3.21,52.73,7.33,FALSE,ob,0.11,0.06,FALSE,45.41,2.62,21.76,0.98,,0.51,0,70,FALSE,FALSE
128,1798-11-20 08:12:53.000000,FALSE,1798-11-20 07:40:08.773600,t,9.72,16.44,-23.69,FALSE,hv,-0.42,0,TRUE,40.13,1.85,19.86,-37.01,,0.31,,67.08,TRUE,TRUE
131,1798-11-23 08:07:48.500000,FALSE,1798-11-23 07:35:52.700332,t,2.05,8.35,7.73,FALSE,hv,0.12,0.05,TRUE,0.63,1.48,18.86,-37.51,,0.3,,66.24,FALSE,TRUE
141,1798-12-20 03:02:20.000000,FALSE,1798-12-20 14:41:48.399754,t,5.15,5.74,4.76,FALSE,hv,0.07,0.13,FALSE,0.97,-1.98,7.38,31.19,,0.42,,71.43,FALSE,TRUE
142,1798-12-20 03:07:22.000000,FALSE,1798-12-20 14:46:50.399754,t,2.82,6.82,5.89,FALSE,hv,0.09,0.1,FALSE,0.93,-1.98,7.38,31.86,,0.39,,73.04,FALSE,TRUE
143,1798-12-20 03:12:01.000000,FALSE,1798-12-20 14:51:29.399754,t,3.4,6.48,5.6,FALSE,hv,0.08,0.11,FALSE,0.89,-1.98,7.37,32.48,,0.44,,72.55,FALSE,TRUE
144,1798-12-21 02:47:12.000000,FALSE,1798-12-21 14:27:10.338272,t,-0.46,7.32,19.38,FALSE,hv,0.33,0.07,FALSE,347.94,-2.1,6.9,29.09,,0.45,,72.97,FALSE,TRUE
145,1798-12-21 02:51:50.000000,FALSE,1798-12-21 14:31:48.338272,t,1.2,6.88,18.99,FALSE,hv,0.32,0.09,FALSE,347.89,-2.1,6.9,29.74,,0.44,,72.93,FALSE,TRUE
146,1798-12-21 02:58:49.000000,FALSE,1798-12-21 14:38:47.338272,t,1.76,6.92,19.09,FALSE,hv,0.32,0.1,FALSE,347.83,-2.11,6.9,30.71,,0.42,,72.65,FALSE,TRUE
147,1798-12-21 03:04:28.500000,FALSE,1798-12-21 14:44:26.838272,t,1.24,7.71,19.93,FALSE,hv,0.33,0.1,FALSE,347.78,-2.11,6.9,31.48,,0.44,,72.92,FALSE,TRUE
148,1798-12-21 03:09:35.000000,FALSE,1798-12-21 14:49:33.338272,t,4.31,8.42,20.69,FALSE,hv,0.34,0.15,FALSE,347.73,-2.11,6.9,32.16,,0.39,,70.69,FALSE,TRUE
153,1799-02-24 20:20:55.000000,FALSE,1799-02-24 08:15:39.649828,t_1,9.2,214.17,-1.21,FALSE,hv,0.08,0.27,TRUE,215.38,-7.19,-20.66,-37.54,,0.34,,66.21,TRUE,TRUE
153,1799-02-24 20:20:55.000000,FALSE,1799-02-24 08:15:39.649828,t_2,6.51,203.14,-12.24,FALSE,hv,-0.11,0.29,TRUE,215.38,-7.19,-20.66,-37.54,,0.34,,66.21,TRUE,TRUE
150,1799-02-24 08:26:58.000000,FALSE,1799-02-24 08:21:42.649828,t_1,4.27,214.33,-1,FALSE,hv,0.05,0.19,TRUE,215.33,-7.19,-20.67,-36.92,,0.3,,66.36,TRUE,TRUE
150,1799-02-24 08:26:58.000000,FALSE,1799-02-24 08:21:42.649828,t_2,2.75,201.46,-13.87,FALSE,hv,-0.16,0.24,TRUE,215.33,-7.19,-20.67,-36.92,,0.3,,66.36,TRUE,TRUE
151,1799-02-24 08:31:33.000000,FALSE,1799-02-24 08:26:17.649828,t_1,8.43,214.94,-0.34,FALSE,hv,0.09,0.25,TRUE,215.29,-7.19,-20.67,-36.43,,0.3,,66.38,FALSE,TRUE
151,1799-02-24 08:31:33.000000,FALSE,1799-02-24 08:26:17.649828,t_2,7.63,202.94,-12.35,FALSE,hv,-0.11,0.31,TRUE,215.29,-7.19,-20.67,-36.43,,0.3,,66.38,FALSE,TRUE
156,1799-02-26 20:36:30.000000,FALSE,1799-02-26 08:30:54.534200,t_1,8.87,215.59,26.69,FALSE,hv,0.51,0.09,TRUE,188.9,-7.22,-21.22,-36.05,,0.31,,67.11,FALSE,TRUE
156,1799-02-26 20:36:30.000000,FALSE,1799-02-26 08:30:54.534200,t_2,6.54,203.4,14.51,FALSE,hv,0.32,0.13,TRUE,188.9,-7.22,-21.22,-36.05,,0.31,,67.11,FALSE,TRUE
157,1799-03-27 00:09:59.000000,FALSE,1799-03-27 11:56:38.904488,t,6.52,204.52,39.77,FALSE,ob,0.66,-0.1,FALSE,164.75,-6.64,-26.24,2.67,,0.57,0,64.5,FALSE,TRUE
158,1799-03-28 03:28:30.000000,FALSE,1799-03-28 15:14:51.263943,t,5.02,204.68,54.93,FALSE,ob,0.8,-0.22,FALSE,149.75,-6.58,-26.32,39.82,,0.19,0,64.5,TRUE,TRUE
159,1799-03-28 03:32:01.000000,FALSE,1799-03-28 15:18:22.263943,t,5.02,204.65,54.93,FALSE,ob,0.8,-0.22,FALSE,149.71,-6.58,-26.32,40.13,,0.19,0,64.5,FALSE,TRUE
162,1799-10-29 02:18:13.000000,FALSE,1799-10-29 13:43:20.296049,t,-29.02,138.95,-50.31,FALSE,hv,-0.39,-0.76,FALSE,189.27,4.35,25.11,26.29,,0.44,,70.83,FALSE,TRUE
163,1799-10-29 02:23:57.000000,FALSE,1799-10-29 13:49:04.296049,t,-29.06,139.48,-49.73,FALSE,hv,-0.38,-0.76,FALSE,189.21,4.35,25.11,27.17,,0.41,,70.73,FALSE,TRUE
164,1799-10-29 02:28:32.000000,FALSE,1799-10-29 13:53:39.296049,t,-28.21,141.55,-47.62,FALSE,hv,-0.37,-0.74,FALSE,189.17,4.35,25.11,27.86,,0.42,,70.73,FALSE,TRUE
165,1800-10-11 11:33:56.000000,FALSE,1800-10-11 11:01:59.039978,t,26.33,274.88,-15.68,FALSE,ob,-0.37,0.21,TRUE,290.57,5.95,26.59,-5.91,,0.53,0,65.5,FALSE,FALSE
166,1800-10-12 11:33:38.500000,FALSE,1800-10-12 11:01:26.708272,t,28.11,275.15,-2.23,FALSE,ob,-0.2,0.32,TRUE,277.38,5.88,26.58,-5.94,,0.49,0,65,FALSE,FALSE
167,1800-10-14 11:33:06.500000,FALSE,1800-10-14 11:00:26.628809,t,25.93,273.07,22.06,FALSE,ob,0.15,0.47,TRUE,251.01,5.73,26.53,-6,,0.49,0,65.5,FALSE,FALSE
168,1806-02-25 02:10:30.500000,FALSE,1806-02-25 14:05:14.040829,t,-13.32,251.76,-51.13,FALSE,ob,-0.76,0.13,FALSE,302.89,-7.19,-20.81,26.03,,0.5,-1.92,65.96,FALSE,FALSE
169,1806-02-25 02:15:53.500000,FALSE,1806-02-25 14:10:37.040829,t,-12.85,251.64,-51.2,FALSE,ob,-0.76,0.14,FALSE,302.84,-7.19,-20.81,26.89,,0.5,-1.53,65.98,FALSE,FALSE
170,1806-02-25 02:18:54.625000,FALSE,1806-02-25 14:13:38.165829,t,-13.33,251.68,-51.13,FALSE,ob,-0.76,0.13,FALSE,302.82,-7.19,-20.81,27.37,,0.49,-1.92,65.96,FALSE,FALSE
171,1806-02-25 02:21:44.500000,FALSE,1806-02-25 14:16:28.040829,t,-12.35,251.59,-51.2,FALSE,ob,-0.76,0.14,FALSE,302.79,-7.19,-20.81,27.8,,0.48,-1.53,65.48,FALSE,FALSE
172,1806-02-25 02:27:30.000000,FALSE,1806-02-25 14:22:13.540829,t,-12.67,252.9,-49.84,FALSE,ob,-0.75,0.14,FALSE,302.74,-7.19,-20.81,28.68,,0.47,-1.53,65.98,TRUE,FALSE
174,1813-02-03 23:49:37.000000,TRUE,1813-02-03 14:37:20.398717,t,9.83,275.21,-47.8,FALSE,rh,-0.65,0.41,TRUE,323.01,-6.34,-13.4,29.27,,0.53,0,65,FALSE,TRUE
175,1813-02-03 23:55:18.000000,TRUE,1813-02-03 14:43:00.467648,t,9.94,276.41,-46.54,FALSE,rh,-0.64,0.41,TRUE,322.96,-6.34,-13.4,30.07,,0.52,0,65,FALSE,TRUE
173,1813-02-03 00:01:01.000000,TRUE,1813-02-03 14:52:38.438378,t,11.03,277.7,-45.17,FALSE,rh,-0.62,0.42,FALSE,322.87,-6.34,-13.4,31.38,,0.5,0,65,FALSE,TRUE
176,1813-02-04 23:26:16.500000,TRUE,1813-02-04 14:10:07.818583,t,10.42,277.74,-32.35,FALSE,rh,-0.45,0.39,TRUE,310.09,-6.4,-13.79,25.23,,0.59,0,65,FALSE,TRUE
177,1813-02-04 23:32:39.000000,TRUE,1813-02-04 14:16:29.274202,t,9.43,277.53,-32.5,FALSE,rh,-0.45,0.37,TRUE,310.03,-6.4,-13.79,26.22,,0.58,0,65,FALSE,TRUE
178,1813-02-04 23:40:00.500000,TRUE,1813-02-04 14:23:49.568727,t,10.42,277.62,-32.35,FALSE,rh,-0.45,0.39,TRUE,309.97,-6.4,-13.79,27.34,,0.56,0,65,FALSE,TRUE
179,1813-02-04 23:45:28.500000,TRUE,1813-02-04 14:29:16.673153,t,12.25,276.82,-33.09,FALSE,rh,-0.45,0.42,TRUE,309.92,-6.4,-13.79,28.15,,0.55,0,65,FALSE,TRUE
180,1813-02-04 23:51:31.500000,TRUE,1813-02-04 14:35:18.682015,t,10.41,277.51,-32.35,FALSE,rh,-0.45,0.39,TRUE,309.86,-6.4,-13.79,29.02,,0.54,0,65,FALSE,TRUE
181,1813-02-04 23:57:47.000000,TRUE,1813-02-04 14:41:33.156746,t,10.41,277.45,-32.35,FALSE,rh,-0.45,0.39,TRUE,309.8,-6.4,-13.79,29.9,,1.06,0,65,FALSE,TRUE
182,1813-02-05 23:16:48.500000,TRUE,1813-02-05 13:56:45.466374,t,8.85,278.21,-18.84,FALSE,rh,-0.25,0.33,TRUE,297.05,-6.46,-14.17,23.11,,0.62,0,65,FALSE,TRUE
183,1813-02-05 23:21:56.500000,TRUE,1813-02-05 14:01:52.625408,t,9.84,278.33,-18.67,FALSE,rh,-0.24,0.34,TRUE,297,-6.46,-14.18,23.95,,0.61,0,65,FALSE,TRUE
184,1813-02-05 23:28:08.750000,TRUE,1813-02-05 14:08:03.859014,t,8.85,278.1,-18.84,FALSE,rh,-0.25,0.33,TRUE,296.94,-6.46,-14.18,24.94,,0.59,0,65,FALSE,TRUE
185,1813-02-05 23:34:15.250000,TRUE,1813-02-05 14:14:09.358319,t,9.04,278.95,-17.94,FALSE,rh,-0.23,0.33,TRUE,296.89,-6.46,-14.18,25.9,,0.59,0,65,FALSE,TRUE
186,1813-02-05 23:40:29.000000,TRUE,1813-02-05 14:20:22.087829,t,10.84,278.33,-18.5,FALSE,rh,-0.23,0.36,TRUE,296.83,-6.46,-14.18,26.86,,0.56,0,65,FALSE,TRUE
187,1813-02-05 23:46:42.500000,TRUE,1813-02-05 14:26:34.568022,t,9.84,278.1,-18.67,FALSE,rh,-0.24,0.34,TRUE,296.77,-6.46,-14.18,27.79,,0.55,0,65,FALSE,TRUE
188,1813-02-06 00:12:43.000000,TRUE,1813-02-06 14:52:30.810885,t,11.02,278.33,-5.04,FALSE,rh,-0.01,0.31,FALSE,283.37,-6.52,-14.58,31.47,,0.49,0,65,FALSE,TRUE
189,1813-02-06 00:17:28.000000,TRUE,1813-02-06 14:57:15.032719,t,11.02,278.29,-5.04,FALSE,rh,-0.01,0.31,FALSE,283.33,-6.52,-14.58,32.1,,0.48,0,65,FALSE,TRUE
190,1813-02-06 00:22:19.000000,TRUE,1813-02-06 15:02:05.238170,t,10.24,278.92,-4.37,FALSE,rh,0,0.3,FALSE,283.28,-6.52,-14.58,32.72,,0.47,0,65,FALSE,TRUE
191,1813-02-06 00:27:17.500000,TRUE,1813-02-06 15:07:02.923143,t,11.02,278.2,-5.04,FALSE,rh,-0.01,0.31,FALSE,283.24,-6.52,-14.58,33.34,,0.46,0,65,FALSE,TRUE
192,1813-02-06 00:31:48.000000,TRUE,1813-02-06 15:11:32.684568,t,11.25,279.02,-4.17,FALSE,rh,0.01,0.31,FALSE,283.2,-6.52,-14.58,33.9,,0.45,0,65,FALSE,TRUE
193,1813-02-06 00:36:34.000000,TRUE,1813-02-06 15:16:17.903671,t,10.24,278.78,-4.37,FALSE,rh,0,0.3,FALSE,283.15,-6.52,-14.58,34.47,,0.44,0,65,FALSE,TRUE
194,1813-02-08 22:57:17.500000,TRUE,1813-02-08 13:25:29.946383,t,10.26,279.88,22.05,FALSE,rh,0.43,0.17,TRUE,257.83,-6.63,-15.31,17.8,,0.68,0,65,FALSE,TRUE
195,1813-02-08 23:01:55.000000,TRUE,1813-02-08 13:30:06.688695,t,10.26,279.84,22.05,FALSE,rh,0.43,0.17,TRUE,257.79,-6.63,-15.32,18.64,,0.67,0,65,FALSE,TRUE
196,1813-02-08 23:06:53.000000,TRUE,1813-02-08 13:35:03.875033,t,9.24,279.51,21.77,FALSE,rh,0.42,0.16,TRUE,257.74,-6.63,-15.32,19.52,,0.67,0,65,FALSE,TRUE
197,1813-02-08 23:11:21.000000,TRUE,1813-02-08 13:39:31.143284,t,11.28,280.04,22.34,FALSE,rh,0.44,0.19,TRUE,257.7,-6.63,-15.32,20.31,,0.65,0,65,FALSE,TRUE
198,1813-02-08 23:15:51.500000,TRUE,1813-02-08 13:44:00.904709,t,10.26,279.71,22.05,FALSE,rh,0.43,0.17,TRUE,257.66,-6.63,-15.32,21.09,,0.64,0,65,FALSE,TRUE
199,1813-02-08 23:20:30.500000,TRUE,1813-02-08 13:48:39.142925,t,9.24,279.38,21.77,FALSE,rh,0.42,0.16,TRUE,257.62,-6.63,-15.32,21.89,,0.63,0,65,FALSE,TRUE
200,1813-04-04 01:57:56.000000,TRUE,1813-04-04 12:49:23.988011,t,28.66,186.38,-66.93,FALSE,rh,-0.49,0.82,FALSE,253.3,-6.21,-26.55,17.61,,0.88,0,65,FALSE,TRUE
201,1813-04-04 02:02:14.000000,TRUE,1813-04-04 12:53:41.283566,t,27.35,187.91,-65.35,FALSE,rh,-0.5,0.81,FALSE,253.26,-6.21,-26.55,18.65,,0.86,0,65,FALSE,TRUE
202,1813-04-04 02:07:45.500000,TRUE,1813-04-04 12:59:11.878435,t,28.66,186.29,-66.93,FALSE,rh,-0.49,0.82,FALSE,253.21,-6.21,-26.55,19.95,,0.83,0,65,FALSE,TRUE
203,1813-04-04 02:12:11.500000,TRUE,1813-04-04 13:03:37.152147,t,28.66,186.25,-66.93,FALSE,rh,-0.49,0.82,FALSE,253.17,-6.21,-26.55,20.98,,0.82,0,65,FALSE,TRUE
204,1813-04-05 04:11:50.500000,TRUE,1813-04-05 14:59:00.639579,t,26.61,189.05,-49.86,FALSE,rh,-0.38,0.76,FALSE,238.92,-6.14,-26.57,39.66,,0.34,0,65,FALSE,TRUE
205,1813-04-05 04:16:24.500000,TRUE,1813-04-05 15:03:33.891447,t,25.77,190.82,-48.05,FALSE,rh,-0.38,0.74,FALSE,238.88,-6.14,-26.57,40.09,,0.33,0,65,FALSE,TRUE
206,1813-04-05 04:20:57.500000,TRUE,1813-04-05 15:08:06.146045,t,26.97,190.11,-48.72,FALSE,rh,-0.37,0.76,FALSE,238.83,-6.13,-26.57,40.51,,0.32,0,65,FALSE,TRUE
207,1813-04-05 04:34:45.500000,TRUE,1813-04-05 15:21:51.885267,t,25.77,190.65,-48.05,FALSE,rh,-0.38,0.74,FALSE,238.71,-6.13,-26.57,41.65,,0.27,0,65,FALSE,TRUE
208,1813-04-06 02:43:34.000000,TRUE,1813-04-06 13:27:02.688368,t,26.87,188.82,-37.74,FALSE,rh,-0.25,0.71,FALSE,226.56,-6.07,-26.57,26.46,,0.72,0,65,FALSE,TRUE
209,1813-04-06 02:52:33.000000,TRUE,1813-04-06 13:36:00.216678,t,27.28,189.7,-36.78,FALSE,rh,-0.24,0.71,FALSE,226.48,-6.07,-26.57,28.21,,0.68,0,65,FALSE,TRUE
210,1813-04-06 03:02:09.000000,TRUE,1813-04-06 13:45:34.643963,t,26.49,190.99,-35.4,FALSE,rh,-0.23,0.7,FALSE,226.39,-6.07,-26.57,29.96,,0.63,0,65,TRUE,TRUE
211,1813-04-07 02:50:03.000000,TRUE,1813-04-07 13:29:34.713145,t,27.58,188.87,-24.47,FALSE,rh,-0.08,0.65,FALSE,213.34,-6,-26.57,27.2,,0.71,0,65,FALSE,TRUE
212,1813-04-07 02:59:30.000000,TRUE,1813-04-07 13:39:00.165004,t,26.82,189.93,-23.32,FALSE,rh,-0.08,0.64,FALSE,213.25,-6,-26.57,29.01,,0.66,0,65,FALSE,TRUE
213,1813-04-07 03:14:05.000000,TRUE,1813-04-07 13:53:32.775897,t,26.82,189.8,-23.32,FALSE,rh,-0.08,0.64,FALSE,213.12,-6,-26.57,31.57,,0.6,0,65,FALSE,TRUE
214,1813-04-08 02:54:36.500000,TRUE,1813-04-08 13:30:11.554431,t,26.01,189.84,-10.29,FALSE,rh,0.09,0.54,FALSE,200.13,-5.93,-26.56,27.56,,0.71,0,65,FALSE,TRUE
215,1813-04-08 03:04:16.000000,TRUE,1813-04-08 13:39:49.472159,t,26.01,189.75,-10.29,FALSE,rh,0.09,0.54,FALSE,200.05,-5.93,-26.56,29.39,,0.66,0,65,FALSE,TRUE
216,1813-04-08 03:17:46.000000,TRUE,1813-04-08 13:53:17.260529,t,25.57,188.78,-11.14,FALSE,rh,0.08,0.54,FALSE,199.92,-5.93,-26.56,31.75,,0.6,0,65,FALSE,TRUE
217,1813-04-09 03:22:50.000000,TRUE,1813-04-09 13:54:24.520662,t_a,26.69,188.78,2.07,FALSE,rh,0.27,0.47,FALSE,186.71,-5.86,-26.55,32.17,,0.59,0,65,FALSE,TRUE
217,1813-04-09 03:22:50.000000,TRUE,1813-04-09 13:54:24.520662,t_b,18.74,153.53,-33.18,FALSE,rh,-0.28,0.59,FALSE,186.71,-5.86,-26.55,32.17,,0.59,0,65,FALSE,TRUE
218,1813-04-09 03:34:18.500000,TRUE,1813-04-09 14:05:51.140776,t_a,26.69,188.67,2.07,FALSE,rh,0.27,0.47,FALSE,186.61,-5.86,-26.55,33.98,,0.54,0,65,TRUE,TRUE
218,1813-04-09 03:34:18.500000,TRUE,1813-04-09 14:05:51.140776,t_b,19.84,153.17,-33.43,FALSE,rh,-0.28,0.61,FALSE,186.61,-5.86,-26.55,33.98,,0.54,0,65,TRUE,TRUE
219,1813-04-09 03:48:28.500000,TRUE,1813-04-09 14:19:58.819929,t_a,23.7,189.35,2.88,FALSE,rh,0.26,0.42,FALSE,186.48,-5.86,-26.55,35.99,,0.48,0,65,FALSE,TRUE
219,1813-04-09 03:48:28.500000,TRUE,1813-04-09 14:19:58.819929,t_b,18.03,154.43,-32.04,FALSE,rh,-0.28,0.57,FALSE,186.48,-5.86,-26.55,35.99,,0.48,0,65,FALSE,TRUE
220,1813-04-10 02:49:14.000000,TRUE,1813-04-10 13:16:58.117895,t_a,26.48,188.41,14.56,FALSE,rh,0.44,0.37,FALSE,173.85,-5.79,-26.52,25.31,,0.81,0,65,FALSE,TRUE
220,1813-04-10 02:49:14.000000,TRUE,1813-04-10 13:16:58.117895,t_b,20.34,154.44,-19.41,FALSE,rh,-0.08,0.53,FALSE,173.85,-5.79,-26.52,25.31,,0.81,0,65,FALSE,TRUE
221,1813-04-10 03:02:40.500000,TRUE,1813-04-10 13:30:22.415821,t_b,21.45,154.17,-19.56,FALSE,rh,-0.08,0.54,FALSE,173.73,-5.79,-26.52,28.07,,0.71,0,65,FALSE,TRUE
221,1813-04-10 03:02:40.500000,TRUE,1813-04-10 13:30:22.415821,t_a,26.48,188.29,14.56,FALSE,rh,0.44,0.37,FALSE,173.73,-5.79,-26.52,28.07,,0.71,0,65,FALSE,TRUE
222,1813-04-10 03:11:33.500000,TRUE,1813-04-10 13:39:13.960513,t_a,24.65,188.88,15.23,FALSE,rh,0.44,0.34,FALSE,173.65,-5.79,-26.52,29.76,,0.66,0,65,FALSE,TRUE
222,1813-04-10 03:11:33.500000,TRUE,1813-04-10 13:39:13.960513,t_b,20.34,154.23,-19.41,FALSE,rh,-0.08,0.53,FALSE,173.65,-5.79,-26.52,29.76,,0.66,0,65,FALSE,TRUE
223,1813-04-11 03:15:20.500000,TRUE,1813-04-11 13:39:04.435911,t_a,23.61,188.55,28.11,FALSE,rh,0.6,0.24,FALSE,160.45,-5.71,-26.49,29.97,,0.66,0,65,FALSE,TRUE
223,1813-04-11 03:15:20.500000,TRUE,1813-04-11 13:39:04.435911,t_b,18.12,156.6,-3.85,FALSE,rh,0.12,0.39,FALSE,160.45,-5.71,-26.49,29.97,,0.66,0,65,FALSE,TRUE
224,1813-04-11 03:38:41.500000,TRUE,1813-04-11 14:02:21.610609,t_a,25.4,187.79,27.56,FALSE,rh,0.6,0.27,FALSE,160.23,-5.71,-26.49,33.91,,0.55,0,65,FALSE,TRUE
224,1813-04-11 03:38:41.500000,TRUE,1813-04-11 14:02:21.610609,t_b,19.87,155.51,-4.73,FALSE,rh,0.12,0.42,FALSE,160.23,-5.71,-26.49,33.91,,0.55,0,65,FALSE,TRUE
225,1813-04-12 03:15:42.500000,TRUE,1813-04-12 13:35:30.473019,t_a,23.61,186.82,39.54,FALSE,rh,0.73,0.16,FALSE,147.27,-5.63,-26.45,29.54,,0.68,0,65,FALSE,TRUE
225,1813-04-12 03:15:42.500000,TRUE,1813-04-12 13:35:30.473019,t_b,18.87,155.12,7.85,FALSE,rh,0.3,0.31,FALSE,147.27,-5.63,-26.45,29.54,,0.68,0,65,FALSE,TRUE
226,1813-04-12 03:24:30.000000,TRUE,1813-04-12 13:44:16.532728,t_a,24.77,187.17,39.98,FALSE,rh,0.74,0.17,FALSE,147.19,-5.63,-26.45,31.15,,0.64,0,65,TRUE,TRUE
226,1813-04-12 03:24:30.000000,TRUE,1813-04-12 13:44:16.532728,t_b,18.23,155.85,8.65,FALSE,rh,0.31,0.3,FALSE,147.19,-5.63,-26.45,31.15,,0.64,0,65,TRUE,TRUE
227,1813-04-12 03:33:24.500000,TRUE,1813-04-12 13:53:09.573325,t_a,24.77,187.09,39.98,FALSE,rh,0.74,0.17,FALSE,147.11,-5.63,-26.45,32.67,,0.59,0,65,FALSE,TRUE
227,1813-04-12 03:33:24.500000,TRUE,1813-04-12 13:53:09.573325,t_b,17.79,154.91,7.79,FALSE,rh,0.29,0.3,FALSE,147.11,-5.63,-26.45,32.67,,0.59,0,65,FALSE,TRUE
228,1813-04-13 04:30:48.500000,TRUE,1813-04-13 14:46:28.268193,t_b,18.61,155.07,21.65,FALSE,rh,0.49,0.21,FALSE,133.42,-5.55,-26.4,39.96,,0.36,0,65,FALSE,TRUE
229,1813-04-13 04:43:50.000000,TRUE,1813-04-13 14:59:27.634379,t_b,18.61,154.95,21.65,FALSE,rh,0.49,0.21,FALSE,133.3,-5.55,-26.4,41.2,,0.33,0,65,TRUE,TRUE
230,1813-04-13 04:52:31.500000,TRUE,1813-04-13 15:08:07.710471,t_b,18.61,154.87,21.65,FALSE,rh,0.49,0.21,FALSE,133.22,-5.55,-26.4,41.94,,0.29,0,65,FALSE,TRUE
231,1813-04-14 03:40:30.000000,TRUE,1813-04-14 13:52:22.108653,t_b,20.01,153.96,33.25,FALSE,rh,0.65,0.14,FALSE,120.71,-5.47,-26.35,33.02,,0.59,0,65,FALSE,TRUE
232,1813-04-14 03:49:27.000000,TRUE,1813-04-14 14:01:17.642424,t_b,18.92,153.62,32.99,FALSE,rh,0.64,0.13,FALSE,120.63,-5.47,-26.35,34.44,,0.55,0,65,FALSE,TRUE
233,1813-04-14 04:04:16.500000,TRUE,1813-04-14 14:16:04.713726,t_b,18.32,154.35,33.85,FALSE,rh,0.65,0.11,FALSE,120.49,-5.47,-26.35,36.58,,0.35,0,65,FALSE,TRUE
234,1813-06-23 09:27:35.000000,TRUE,1813-06-23 15:03:16.586256,t_1,17.53,246.77,-27.41,FALSE,rh,-0.41,0.31,TRUE,274.18,2.27,-6.17,49.91,,0.17,0,65,FALSE,TRUE
234,1813-06-23 09:27:35.000000,TRUE,1813-06-23 15:03:16.586256,t_2,20.2,236.94,-37.24,FALSE,rh,-0.53,0.37,TRUE,274.18,2.27,-6.17,49.91,,0.17,0,65,FALSE,TRUE
235,1813-06-23 09:45:16.000000,TRUE,1813-06-23 15:20:54.689293,t_1,17.53,246.61,-27.41,FALSE,rh,-0.41,0.31,TRUE,274.02,2.27,-6.16,50.55,,0.11,0,65,FALSE,TRUE
235,1813-06-23 09:45:16.000000,TRUE,1813-06-23 15:20:54.689293,t_2,18.5,238.62,-35.4,FALSE,rh,-0.52,0.34,TRUE,274.02,2.27,-6.16,50.55,,0.11,0,65,FALSE,TRUE
236,1813-06-24 09:57:50.000000,TRUE,1813-06-24 15:29:30.722201,t_1,15.49,245.85,-14.85,FALSE,rh,-0.22,0.25,TRUE,260.7,2.39,-5.71,50.74,,0.06,0,65,TRUE,TRUE
237,1813-06-24 10:12:10.000000,TRUE,1813-06-24 15:43:48.374050,t_1,19.22,245.99,-14.58,FALSE,rh,-0.21,0.31,TRUE,260.57,2.39,-5.7,50.97,,0.03,0,65,FALSE,TRUE
238,1813-06-28 10:56:20.000000,TRUE,1813-06-28 16:12:07.474394,t_1,18.3,246.41,39.04,FALSE,rh,0.62,0.24,TRUE,207.37,2.84,-3.87,50.92,,0.04,0,65,FALSE,TRUE
239,1813-06-28 11:10:39.000000,TRUE,1813-06-28 16:26:24.128973,t_1,17.38,245.53,38.29,FALSE,rh,0.61,0.22,TRUE,207.24,2.84,-3.87,50.75,,0.07,0,65,FALSE,TRUE
240,1813-07-26 11:31:13.500000,TRUE,1813-07-26 14:56:49.756753,t,11.28,129.52,-68.03,FALSE,rh,-0.92,0.02,TRUE,197.54,5.53,8.65,46.42,,0.26,0,65,FALSE,TRUE
241,1813-07-26 11:41:11.000000,TRUE,1813-07-26 15:06:45.625334,t,10.36,128.29,-69.17,FALSE,rh,-0.93,0.01,TRUE,197.45,5.53,8.65,47.07,,0.23,0,65,FALSE,TRUE
242,1813-07-26 11:55:08.500000,TRUE,1813-07-26 15:20:40.838617,t,10.44,130.49,-66.83,FALSE,rh,-0.92,0.01,TRUE,197.33,5.53,8.66,47.82,,0.17,0,65,FALSE,TRUE
243,1813-07-27 11:01:07.000000,TRUE,1813-07-27 14:22:52.273992,t_A,11.76,132.62,-52.01,FALSE,rh,-0.78,0.02,TRUE,184.63,5.6,9.06,43.12,,0.43,0,65,TRUE,TRUE
244,1813-07-27 11:10:23.500000,TRUE,1813-07-27 14:32:07.254520,t_A,9.13,131.75,-52.8,FALSE,rh,-0.79,-0.03,TRUE,184.55,5.6,9.06,44.13,,0.38,0,65,FALSE,TRUE
245,1813-07-27 11:24:21.000000,TRUE,1813-07-27 14:46:02.467803,t_A,11.79,130.93,-53.49,FALSE,rh,-0.8,0.02,TRUE,184.42,5.61,9.07,45.43,,0.32,0,65,FALSE,TRUE
246,1813-07-28 10:58:45.500000,TRUE,1813-07-28 14:16:35.248033,t_A,12.4,132.91,-38.55,FALSE,rh,-0.62,0.04,TRUE,171.46,5.68,9.48,42.17,,0.47,0,65,TRUE,TRUE
247,1813-07-28 11:03:15.000000,TRUE,1813-07-28 14:21:04.012188,t_A,12.33,134.01,-37.41,FALSE,rh,-0.61,0.04,TRUE,171.42,5.68,9.48,42.72,,0.45,0,65,FALSE,TRUE
248,1813-07-29 10:56:02.000000,TRUE,1813-07-29 14:09:56.285403,t,13.91,135.25,-23.04,FALSE,rh,-0.4,0.08,TRUE,158.3,5.75,9.89,41.11,,0.52,0,65,FALSE,TRUE
249,1813-07-29 11:01:49.000000,TRUE,1813-07-29 14:15:42.337952,t,13.91,135.2,-23.04,FALSE,rh,-0.4,0.08,TRUE,158.24,5.75,9.89,41.88,,0.48,0,65,FALSE,TRUE
250,1813-08-02 06:12:40.000000,TRUE,1813-08-02 09:11:37.089805,t,12.71,153.72,45.58,FALSE,rh,0.65,0.28,TRUE,108.14,6.02,11.42,-42.04,,0.47,0,65,FALSE,TRUE
251,1813-08-02 06:26:42.500000,TRUE,1813-08-02 09:25:37.289436,t,13.41,154.66,46.65,FALSE,rh,0.66,0.3,TRUE,108.01,6.02,11.43,-40.22,,0.55,0,65,FALSE,TRUE
252,1813-08-03 06:24:23.000000,TRUE,1813-08-03 09:19:22.265408,t,13.43,153.52,58.67,FALSE,rh,0.78,0.34,TRUE,94.84,6.09,11.82,-40.86,,0.51,0,65,FALSE,TRUE
253,1813-08-03 06:41:52.000000,TRUE,1813-08-03 09:36:48.401210,t,13.43,153.36,58.67,FALSE,rh,0.78,0.34,TRUE,94.68,6.09,11.83,-38.31,,0.63,0,65,FALSE,TRUE
254,1813-09-26 13:22:04.500000,TRUE,1813-09-26 12:43:36.349992,t_1,-8.74,138.35,38.67,FALSE,rh,0.66,0.05,FALSE,99.68,6.82,25.88,16.93,,0.79,0,65,TRUE,TRUE
254,1813-09-26 13:22:04.500000,TRUE,1813-09-26 12:43:36.349992,t_2,15,84.43,-15.24,FALSE,rh,-0.29,0.02,FALSE,99.68,6.82,25.88,16.93,,0.79,0,65,TRUE,TRUE
255,1813-09-26 13:26:38.000000,TRUE,1813-09-26 12:48:09.103226,t_1,-11.45,135.69,36.06,FALSE,rh,0.65,-0.01,FALSE,99.63,6.82,25.88,17.91,,0.77,0,65,FALSE,TRUE
255,1813-09-26 13:26:38.000000,TRUE,1813-09-26 12:48:09.103226,t_2,14,84.47,-15.16,FALSE,rh,-0.28,0.01,FALSE,99.63,6.82,25.88,17.91,,0.77,0,65,FALSE,TRUE
256,1813-09-28 15:08:03.000000,TRUE,1813-09-28 14:21:25.681994,t_2,13.49,83.48,11.09,FALSE,rh,0.12,0.19,FALSE,72.39,6.73,26.07,33.79,,0.46,0,65,TRUE,TRUE
259,1813-10-02 15:41:17.500000,TRUE,1813-10-02 14:38:51.101627,t_2,14.25,86,66.55,FALSE,rh,0.71,0.57,FALSE,19.45,6.53,26.36,35.6,,0.42,0,65,TRUE,TRUE
260,1813-10-02 15:50:25.000000,TRUE,1813-10-02 14:47:57.106729,t_2,14.25,85.92,66.55,FALSE,rh,0.71,0.57,FALSE,19.37,6.53,26.36,36.61,,0.39,0,65,FALSE,TRUE
261,1813-10-09 15:20:23.000000,TRUE,1813-10-09 13:50:28.685608,t_2,-10.91,322.29,34.75,FALSE,rh,0.62,0.01,FALSE,287.54,6.11,26.57,28.59,,0.55,0,65,FALSE,TRUE
261,1813-10-09 15:20:23.000000,TRUE,1813-10-09 13:50:28.685608,t_1,10.76,4.94,77.4,FALSE,rh,0.78,0.57,FALSE,287.54,6.11,26.57,28.59,,0.55,0,65,FALSE,TRUE
262,1813-10-09 15:29:20.000000,TRUE,1813-10-09 13:59:24.219379,t_1,10.76,4.86,77.4,FALSE,rh,0.78,0.57,FALSE,287.46,6.11,26.57,29.93,,0.52,0,65,FALSE,TRUE
262,1813-10-09 15:29:20.000000,TRUE,1813-10-09 13:59:24.219379,t_2,-11.47,321.31,33.85,FALSE,rh,0.62,-0.01,FALSE,287.46,6.11,26.57,29.93,,0.52,0,65,FALSE,TRUE
263,1813-12-12 17:06:35.000000,TRUE,1813-12-12 11:24:45.070304,t,6.93,98.96,-66.21,FALSE,rh,-0.92,-0.06,FALSE,165.16,-0.85,11.45,-2.01,,0.76,0,65,TRUE,TRUE
264,1813-12-12 20:29:48.000000,TRUE,1813-12-12 14:47:24.778437,t,6.87,97.1,-66.21,FALSE,rh,-0.92,-0.06,TRUE,163.31,-0.87,11.39,32.53,,0.51,0,65,FALSE,TRUE
265,1813-12-12 20:39:04.000000,TRUE,1813-12-12 14:56:39.260331,t,7.63,98.28,-64.95,FALSE,rh,-0.91,-0.04,TRUE,163.22,-0.87,11.39,33.72,,0.49,0,65,FALSE,TRUE
266,1815-06-10 08:01:11.000000,TRUE,1815-06-10 14:30:08.112686,t,-24.88,127.3,-44.18,FALSE,rh,-0.71,-0.29,TRUE,171.48,0.68,-12.05,47.63,,0.31,0,65,FALSE,TRUE
267,1815-06-10 08:07:23.500000,TRUE,1815-06-10 14:36:19.595609,t,-26.37,129.75,-41.67,FALSE,rh,-0.68,-0.32,TRUE,171.42,0.68,-12.05,48.12,,0.28,0,65,FALSE,TRUE
268,1815-06-10 08:13:39.500000,TRUE,1815-06-10 14:42:34.568975,t,-24.66,128.59,-42.77,FALSE,rh,-0.69,-0.29,TRUE,171.36,0.68,-12.05,48.56,,0.25,0,65,FALSE,TRUE
269,1816-07-04 10:36:06.000000,TRUE,1816-07-04 15:27:17.052310,t_m,3.32,8.43,-54.05,FALSE,rh,-0.81,0.04,TRUE,62.49,3.51,-1.01,50.28,,0.1,0,65,FALSE,TRUE
270,1816-07-04 10:50:50.000000,TRUE,1816-07-04 15:41:58.638629,t_m,2.4,7.63,-54.72,FALSE,rh,-0.82,0.02,TRUE,62.35,3.51,-1,50.59,,0.05,0,65,FALSE,TRUE
271,1816-07-06 10:17:06.500000,TRUE,1816-07-06 15:00:28.837017,t_m,1.84,10.25,-26.02,FALSE,rh,-0.44,-0.03,TRUE,36.26,3.72,-0.1,49.07,,0.2,0,65,FALSE,TRUE
272,1816-07-06 10:26:27.500000,TRUE,1816-07-06 15:09:48.305258,t_m,1.84,10.16,-26.02,FALSE,rh,-0.44,-0.03,TRUE,36.18,3.72,-0.1,49.53,,0.16,0,65,FALSE,TRUE
273,1816-07-13 10:56:09.000000,TRUE,1816-07-13 15:11:53.537001,t,5.01,14.74,71.23,FALSE,rh,0.94,0.11,TRUE,303.52,4.42,3.09,48.97,,0.17,0,65,FALSE,TRUE
274,1816-07-13 11:10:36.000000,TRUE,1816-07-13 15:26:18.169737,t,5.73,16.42,73.03,FALSE,rh,0.95,0.13,TRUE,303.39,4.42,3.09,49.53,,0.12,0,65,FALSE,TRUE
275,1816-10-05 02:45:54.000000,FALSE,1816-10-05 14:15:33.508198,t_2,-9.08,223.36,-50.85,FALSE,rh,-0.58,-0.54,FALSE,274.21,6.35,26.5,32.45,,0.49,0,65,FALSE,TRUE
275,1816-10-05 02:45:54.000000,FALSE,1816-10-05 14:15:33.508198,t_1,-9.52,235.67,-38.54,FALSE,rh,-0.44,-0.5,FALSE,274.21,6.35,26.5,32.45,,0.49,0,65,FALSE,TRUE
276,1816-10-05 02:51:03.500000,FALSE,1816-10-05 14:20:43.008198,t_1,-11.6,235.32,-38.84,FALSE,rh,-0.42,-0.53,FALSE,274.16,6.35,26.5,33.13,,0.47,0,65,TRUE,TRUE
276,1816-10-05 02:51:03.500000,FALSE,1816-10-05 14:20:43.008198,t_2,-9.08,223.31,-50.85,FALSE,rh,-0.58,-0.54,FALSE,274.16,6.35,26.5,33.13,,0.47,0,65,TRUE,TRUE
277,1816-10-05 02:55:57.000000,FALSE,1816-10-05 14:25:36.508198,t_1,-11.26,234.29,-39.83,FALSE,rh,-0.44,-0.53,FALSE,274.12,6.35,26.5,33.76,,0.46,0,65,FALSE,TRUE
277,1816-10-05 02:55:57.000000,FALSE,1816-10-05 14:25:36.508198,t_2,-8.79,222.04,-52.08,FALSE,rh,-0.6,-0.54,FALSE,274.12,6.35,26.5,33.76,,0.46,0,65,FALSE,TRUE
278,1816-10-08 02:33:35.500000,FALSE,1816-10-08 14:02:23.614986,t_1,-10.1,236.62,1.86,FALSE,rh,0.15,-0.24,FALSE,234.75,6.16,26.56,30.41,,0.53,0,65,FALSE,TRUE
278,1816-10-08 02:33:35.500000,FALSE,1816-10-08 14:02:23.614986,t_2,-9.57,225.38,-9.37,FALSE,rh,-0.02,-0.31,FALSE,234.75,6.16,26.56,30.41,,0.53,0,65,FALSE,TRUE
279,1816-10-08 02:47:42.500000,FALSE,1816-10-08 14:16:30.614986,t_1,-11.13,236.49,1.87,FALSE,rh,0.16,-0.25,FALSE,234.62,6.16,26.56,32.37,,0.49,0,65,FALSE,TRUE
279,1816-10-08 02:47:42.500000,FALSE,1816-10-08 14:16:30.614986,t_2,-8.55,225.28,-9.35,FALSE,rh,-0.03,-0.3,FALSE,234.62,6.16,26.56,32.37,,0.49,0,65,FALSE,TRUE
280,1816-10-10 02:20:54.500000,FALSE,1816-10-10 13:49:10.508020,t_1,-7.74,236.37,27.88,FALSE,rh,0.52,0.01,FALSE,208.49,6.02,26.57,28.31,,0.55,0,65,TRUE,TRUE
280,1816-10-10 02:20:54.500000,FALSE,1816-10-10 13:49:10.508020,t_2,-8.25,223.54,15.05,FALSE,rh,0.34,-0.1,FALSE,208.49,6.02,26.57,28.31,,0.55,0,65,TRUE,TRUE
281,1816-10-10 02:24:23.000000,FALSE,1816-10-10 13:52:39.008020,t_1,-7.41,233.65,25.19,FALSE,rh,0.48,-0.01,FALSE,208.46,6.02,26.57,28.84,,0.53,0,65,FALSE,TRUE
281,1816-10-10 02:24:23.000000,FALSE,1816-10-10 13:52:39.008020,t_2,-7.24,223.47,15.01,FALSE,rh,0.33,-0.09,FALSE,208.46,6.02,26.57,28.84,,0.53,0,65,FALSE,TRUE
282,1816-10-10 02:29:08.000000,FALSE,1816-10-10 13:57:24.008020,t_1,-9.33,235.52,27.1,FALSE,rh,0.52,-0.03,FALSE,208.41,6.02,26.57,29.55,,0.53,0,65,FALSE,TRUE
282,1816-10-10 02:29:08.000000,FALSE,1816-10-10 13:57:24.008020,t_2,-9.27,223.5,15.09,FALSE,rh,0.35,-0.12,FALSE,208.41,6.02,26.57,29.55,,0.53,0,65,FALSE,TRUE
283,1816-10-11 02:21:40.000000,FALSE,1816-10-11 13:49:40.667143,t_2,-8.82,223.26,27.96,FALSE,rh,0.52,-0.01,FALSE,195.29,5.95,26.56,28.32,,0.56,0,65,FALSE,TRUE
283,1816-10-11 02:21:40.000000,FALSE,1816-10-11 13:49:40.667143,t_1,-10.39,232.95,37.66,FALSE,rh,0.65,0.04,FALSE,195.29,5.95,26.56,28.32,,0.56,0,65,FALSE,TRUE
284,1816-10-11 02:36:02.000000,FALSE,1816-10-11 14:04:02.667143,t_1,-7.73,235.56,40.4,FALSE,rh,0.67,0.1,FALSE,195.16,5.95,26.56,30.45,,0.51,0,65,TRUE,TRUE
284,1816-10-11 02:36:02.000000,FALSE,1816-10-11 14:04:02.667143,t_2,-6.12,225.66,30.5,FALSE,rh,0.54,0.05,FALSE,195.16,5.95,26.56,30.45,,0.51,0,65,TRUE,TRUE
285,1816-10-12 01:50:01.000000,FALSE,1816-10-12 13:17:46.829979,t_1,-9.17,235.9,53.51,FALSE,rh,0.81,0.16,FALSE,182.39,5.88,26.55,22.98,,0.63,0,65,FALSE,TRUE
285,1816-10-12 01:50:01.000000,FALSE,1816-10-12 13:17:46.829979,t_2,-7.71,224.92,42.53,FALSE,rh,0.69,0.11,FALSE,182.39,5.88,26.55,22.98,,0.63,0,65,FALSE,TRUE
286,1816-10-12 02:06:27.500000,FALSE,1816-10-12 13:34:13.329979,t_1,-8.67,237,54.76,FALSE,rh,0.82,0.17,FALSE,182.24,5.88,26.55,25.8,,0.59,0,65,FALSE,TRUE
286,1816-10-12 02:06:27.500000,FALSE,1816-10-12 13:34:13.329979,t_2,-8.2,225.92,43.68,FALSE,rh,0.71,0.11,FALSE,182.24,5.88,26.55,25.8,,0.59,0,65,FALSE,TRUE
287,1816-10-13 04:14:37.000000,FALSE,1816-10-13 15:42:08.517324,t_1,-10.58,234.73,66.85,FALSE,rh,0.91,0.21,FALSE,167.88,5.8,26.52,40.92,,0.27,0,65,FALSE,TRUE
287,1816-10-13 04:14:37.000000,FALSE,1816-10-13 15:42:08.517324,t_2,-8.2,223.95,56.07,FALSE,rh,0.82,0.19,FALSE,167.88,5.8,26.52,40.92,,0.27,0,65,FALSE,TRUE
288,1816-10-13 04:28:55.000000,FALSE,1816-10-13 15:56:26.517324,t_1,-8.48,233.79,66.04,FALSE,rh,0.89,0.24,FALSE,167.75,5.8,26.52,41.95,,0.24,0,65,FALSE,TRUE
288,1816-10-13 04:28:55.000000,FALSE,1816-10-13 15:56:26.517324,t_2,-8.2,223.82,56.07,FALSE,rh,0.82,0.19,FALSE,167.75,5.8,26.52,41.95,,0.24,0,65,FALSE,TRUE
289,1816-10-14 02:24:08.000000,FALSE,1816-10-14 13:51:25.749161,t_2,-8.05,223.65,67.94,FALSE,rh,0.9,0.25,FALSE,155.71,5.73,26.5,28.41,,0.54,0,65,FALSE,TRUE
290,1816-10-14 02:37:21.000000,FALSE,1816-10-14 14:04:38.749161,t_2,-8.05,223.52,67.94,FALSE,rh,0.9,0.25,FALSE,155.59,5.73,26.49,30.35,,0.51,0,65,FALSE,TRUE
291,1816-10-15 02:58:12.000000,FALSE,1816-10-15 14:25:16.544438,t_3,12.64,128.05,-14.16,FALSE,rh,-0.27,0.01,FALSE,142.21,5.65,26.46,33.06,,0.46,0,65,TRUE,TRUE
291,1816-10-15 02:58:12.000000,FALSE,1816-10-15 14:25:16.544438,t_4,11.64,121.35,-20.86,FALSE,rh,-0.36,-0.06,FALSE,142.21,5.65,26.46,33.06,,0.46,0,65,TRUE,TRUE
292,1816-10-15 03:07:40.000000,FALSE,1816-10-15 14:34:44.544438,t_4,11.01,120.45,-21.67,FALSE,rh,-0.37,-0.07,FALSE,142.12,5.65,26.46,34.23,,0.44,0,65,TRUE,TRUE
292,1816-10-15 03:07:40.000000,FALSE,1816-10-15 14:34:44.544438,t_3,11.04,127.22,-14.9,FALSE,rh,-0.27,-0.03,FALSE,142.12,5.65,26.46,34.23,,0.44,0,65,TRUE,TRUE
293,1816-10-17 02:50:40.000000,FALSE,1816-10-17 14:17:19.894970,t_4,11.09,121.25,5.35,FALSE,rh,0.04,0.13,FALSE,115.9,5.49,26.36,31.91,,0.48,0,65,FALSE,TRUE
293,1816-10-17 02:50:40.000000,FALSE,1816-10-17 14:17:19.894970,t_3,10.82,127.74,11.84,FALSE,rh,0.14,0.17,FALSE,115.9,5.49,26.36,31.91,,0.48,0,65,FALSE,TRUE
294,1816-10-17 03:04:24.000000,FALSE,1816-10-17 14:31:03.894970,t_3,11.81,127.65,11.88,FALSE,rh,0.13,0.19,FALSE,115.78,5.49,26.36,33.67,,0.44,0,65,FALSE,TRUE
294,1816-10-17 03:04:24.000000,FALSE,1816-10-17 14:31:03.894970,t_4,9.51,120.3,4.52,FALSE,rh,0.04,0.1,FALSE,115.78,5.49,26.36,33.67,,0.44,0,65,FALSE,TRUE
295,1816-10-19 02:47:50.500000,FALSE,1816-10-19 14:14:08.194856,t_3,9.69,126.08,36.52,FALSE,rh,0.48,0.34,FALSE,89.55,5.32,26.23,31.36,,0.49,0,65,FALSE,TRUE
295,1816-10-19 02:47:50.500000,FALSE,1816-10-19 14:14:08.194856,t_4,10.9,121.37,31.82,FALSE,rh,0.42,0.33,FALSE,89.55,5.32,26.23,31.36,,0.49,0,65,FALSE,TRUE
296,1816-10-19 02:52:10.750000,FALSE,1816-10-19 14:18:28.444856,t_3,9.69,126.04,36.52,FALSE,rh,0.48,0.34,FALSE,89.51,5.32,26.23,31.94,,0.48,0,65,FALSE,TRUE
296,1816-10-19 02:52:10.750000,FALSE,1816-10-19 14:18:28.444856,t_4,10.35,120.34,30.82,FALSE,rh,0.41,0.31,FALSE,89.51,5.32,26.23,31.94,,0.48,0,65,FALSE,TRUE
297,1816-10-20 02:58:44.000000,FALSE,1816-10-20 14:24:51.546979,t_3,9.6,124.71,48.44,FALSE,rh,0.62,0.42,FALSE,76.27,5.23,26.15,32.72,,0.47,0,65,FALSE,TRUE
298,1816-10-20 03:11:54.000000,FALSE,1816-10-20 14:38:01.546979,t_3,10.62,127.27,51.12,FALSE,rh,0.63,0.45,FALSE,76.15,5.23,26.15,34.35,,0.43,0,65,FALSE,TRUE
299,1816-10-21 02:12:43.000000,FALSE,1816-10-21 13:38:41.049641,t_3,9.17,124.26,60.76,FALSE,rh,0.72,0.48,FALSE,63.5,5.15,26.07,26.01,,0.59,0,65,FALSE,TRUE
301,1816-10-22 02:59:41.000000,FALSE,1816-10-22 14:25:30.213707,t_3,8.88,122.66,72.77,FALSE,rh,0.79,0.53,FALSE,49.89,5.06,25.97,32.69,,0.46,0,65,TRUE,TRUE
301,1816-10-22 02:59:41.000000,FALSE,1816-10-22 14:25:30.213707,t_5,3.95,336.8,-73.09,FALSE,rh,-0.88,-0.38,FALSE,49.89,5.06,25.97,32.69,,0.46,0,65,TRUE,TRUE
302,1816-10-22 03:04:41.000000,FALSE,1816-10-22 14:30:30.213707,t_3,8.88,122.61,72.77,FALSE,rh,0.79,0.53,FALSE,49.84,5.05,25.97,33.32,,0.46,0,65,FALSE,TRUE
302,1816-10-22 03:04:41.000000,FALSE,1816-10-22 14:30:30.213707,t_5,3.12,334.01,-75.83,FALSE,rh,-0.88,-0.39,FALSE,49.84,5.05,25.97,33.32,,0.46,0,65,FALSE,TRUE
303,1816-10-22 03:09:22.000000,FALSE,1816-10-22 14:35:11.213707,t_3,9.84,123.05,73.25,FALSE,rh,0.78,0.54,FALSE,49.8,5.05,25.97,33.89,,0.44,0,65,TRUE,TRUE
303,1816-10-22 03:09:22.000000,FALSE,1816-10-22 14:35:11.213707,t_5,4.75,339.05,-70.75,FALSE,rh,-0.87,-0.36,FALSE,49.8,5.05,25.97,33.89,,0.44,0,65,TRUE,TRUE
304,1816-10-24 02:00:23.000000,FALSE,1816-10-24 13:25:56.568078,t_5,3.11,341.24,-42.82,FALSE,rh,-0.61,-0.3,FALSE,24.06,4.88,25.77,23.77,,0.61,0,65,FALSE,TRUE
305,1816-10-24 02:14:40.500000,FALSE,1816-10-24 13:40:14.068078,t_5,4.1,341.03,-42.9,FALSE,rh,-0.62,-0.29,FALSE,23.93,4.87,25.77,26.09,,0.58,0,65,FALSE,TRUE
306,1816-11-16 02:17:37.500000,FALSE,1816-11-16 13:43:53.003220,t,6.48,6.43,-74.22,FALSE,rh,-0.93,-0.25,FALSE,80.65,2.38,21.11,25.29,,0.6,0,70,FALSE,TRUE
307,1816-11-16 02:25:35.500000,FALSE,1816-11-16 13:51:51.003220,t,7.67,12.53,-68.05,FALSE,rh,-0.9,-0.22,FALSE,80.58,2.38,21.11,26.51,,0.59,0,70,FALSE,TRUE
309,1816-11-17 01:05:52.000000,FALSE,1816-11-17 12:32:19.423638,t,8.26,6.64,-61.48,FALSE,rh,-0.86,-0.19,FALSE,68.13,2.27,20.83,12.86,,0.72,0,70,FALSE,TRUE
311,1816-11-18 01:49:47.000000,FALSE,1816-11-18 13:16:27.188482,t,8.19,6.03,-48.51,FALSE,rh,-0.74,-0.15,FALSE,54.54,2.14,20.52,20.69,,0.64,0,70,FALSE,TRUE
312,1816-11-18 02:00:52.500000,FALSE,1816-11-18 13:27:32.688482,t,7.53,5,-49.44,FALSE,rh,-0.74,-0.16,FALSE,54.44,2.14,20.52,22.54,,0.63,0,70,FALSE,TRUE
1000,1816-11-19 09:13:14,FALSE,1816-11-19 09:29:22.000000,t,8,5.94,-37.5,FALSE,ec,,,,43.44,2.04,20.26,21.96,,,,,FALSE,FALSE
313,1816-11-19 23:22:37.500000,FALSE,1816-11-19 10:49:31.286382,t_1,7.52,6.44,-36.27,FALSE,rh,-0.59,-0.11,TRUE,42.71,2.03,20.24,-7.37,,0.75,0,70,TRUE,TRUE
314,1816-11-19 23:27:39.000000,FALSE,1816-11-19 10:54:32.786382,t_1,8.43,6.17,-36.49,FALSE,rh,-0.59,-0.09,TRUE,42.66,2.03,20.24,-6.38,,0.75,0,70,TRUE,TRUE
315,1816-11-20 02:14:41.000000,FALSE,1816-11-20 13:41:49.204394,t,8.15,6.01,-21.94,FALSE,rh,-0.39,-0.02,FALSE,27.95,1.9,19.89,24.69,,0.6,0,70,FALSE,TRUE
316,1816-11-20 02:29:31.000000,FALSE,1816-11-20 13:56:39.204394,t,7.51,5.19,-22.63,FALSE,rh,-0.39,-0.04,FALSE,27.82,1.89,19.88,26.97,,0.57,0,70,FALSE,TRUE
317,1816-11-21 01:46:48.000000,FALSE,1816-11-21 13:14:11.428454,t,11.77,10.2,-4.82,FALSE,rh,-0.14,0.14,FALSE,15.02,1.78,19.57,20.09,,0.64,0,70,FALSE,TRUE
318,1816-11-21 01:56:26.000000,FALSE,1816-11-21 13:23:49.428454,t,9.19,7.46,-7.47,FALSE,rh,-0.16,0.08,FALSE,14.94,1.77,19.57,21.71,,0.64,0,70,FALSE,TRUE
319,1816-11-21 02:01:20.500000,FALSE,1816-11-21 13:28:43.928454,t,9.19,7.42,-7.47,FALSE,rh,-0.16,0.08,FALSE,14.89,1.77,19.57,22.52,,0.63,0,70,FALSE,TRUE
320,1816-11-26 02:29:59.000000,FALSE,1816-11-26 13:58:50.114176,t,-2.49,5.85,57.13,FALSE,rh,0.82,0.21,FALSE,308.72,1.15,17.83,26.87,,0.58,0,65,FALSE,TRUE
321,1816-11-26 02:45:50.500000,FALSE,1816-11-26 14:14:41.614176,t,-1.8,6.95,58.38,FALSE,rh,0.82,0.22,FALSE,308.57,1.14,17.83,29.18,,0.55,0,65,FALSE,TRUE
322,1816-11-27 02:04:46.000000,FALSE,1816-11-27 13:33:56.856704,t,-2.36,5.4,69.63,FALSE,rh,0.91,0.24,FALSE,295.77,1.02,17.47,22.91,,0.63,0,65,FALSE,TRUE
323,1816-11-27 02:09:47.000000,FALSE,1816-11-27 13:38:57.856704,t,-1.68,7.36,71.63,FALSE,rh,0.92,0.25,FALSE,295.72,1.02,17.47,23.72,,0.61,0,65,TRUE,TRUE
324,1816-11-27 02:14:35.000000,FALSE,1816-11-27 13:43:45.856704,t,-2.36,5.31,69.63,FALSE,rh,0.91,0.24,FALSE,295.68,1.02,17.47,24.48,,0.61,0,65,FALSE,TRUE
325,1816-12-17 02:24:23.500000,FALSE,1816-12-17 14:02:09.062247,t,-1.42,5.11,-26.87,FALSE,rh,-0.45,-0.07,FALSE,31.99,-1.53,8.99,25.73,,0.6,0,65,FALSE,TRUE
326,1816-12-17 02:33:41.500000,FALSE,1816-12-17 14:11:27.062247,t,-1.43,5.03,-26.87,FALSE,rh,-0.45,-0.07,FALSE,31.9,-1.53,8.99,27.13,,0.58,0,65,FALSE,TRUE
327,1816-12-17 02:38:13.000000,FALSE,1816-12-17 14:15:58.562247,t,-1.58,5.96,-25.9,FALSE,rh,-0.43,-0.07,FALSE,31.86,-1.53,8.99,27.8,,0.57,0,65,FALSE,TRUE
328,1816-12-18 02:07:45.500000,FALSE,1816-12-18 13:46:00.859576,t,-0.49,7.47,-11.5,FALSE,rh,-0.2,-0.01,FALSE,18.96,-1.65,8.53,23.12,,0.63,0,65,FALSE,TRUE
329,1816-12-18 02:17:00.500000,FALSE,1816-12-18 13:55:15.859576,t,1.38,6.75,-12.12,FALSE,rh,-0.22,0.02,FALSE,18.88,-1.66,8.52,24.59,,0.61,0,65,FALSE,TRUE
330,1816-12-18 02:21:34.500000,FALSE,1816-12-18 13:59:49.859576,t,-2.24,7.06,-11.77,FALSE,rh,-0.2,-0.04,FALSE,18.84,-1.66,8.52,25.29,,0.6,0,65,FALSE,TRUE
331,1816-12-20 02:31:50.500000,FALSE,1816-12-20 14:11:05.854373,t,-2.85,9.42,17.03,FALSE,rh,0.29,0.02,FALSE,352.39,-1.91,7.57,26.85,,0.59,0,65,TRUE,TRUE
332,1816-12-20 02:36:33.000000,FALSE,1816-12-20 14:15:48.354373,t,-2.85,9.37,17.03,FALSE,rh,0.29,0.02,FALSE,352.34,-1.91,7.57,27.55,,0.58,0,65,FALSE,TRUE
333,1816-12-20 02:45:51.500000,FALSE,1816-12-20 14:25:06.854373,t,-2.75,8.37,16.11,FALSE,rh,0.28,0.02,FALSE,352.26,-1.91,7.57,28.9,,0.56,0,65,FALSE,TRUE
334,1816-12-21 01:33:48.500000,FALSE,1816-12-21 13:13:33.972901,t,-3.25,9.84,30.09,FALSE,rh,0.5,0.04,FALSE,339.74,-2.02,7.11,17.44,,0.68,0,65,FALSE,TRUE
335,1816-12-21 01:42:54.000000,FALSE,1816-12-21 13:22:39.472901,t,-1.59,10.98,31.33,FALSE,rh,0.52,0.07,FALSE,339.66,-2.03,7.11,19.01,,0.67,0,65,FALSE,TRUE
336,1816-12-21 01:48:20.500000,FALSE,1816-12-21 13:28:05.972901,t,-2.42,10.31,30.7,FALSE,rh,0.51,0.05,FALSE,339.61,-2.03,7.11,19.93,,0.66,0,65,FALSE,TRUE
337,1816-12-23 01:32:14.000000,FALSE,1816-12-23 13:12:59.758865,t,-2.61,12.38,58.98,FALSE,rh,0.85,0.07,FALSE,313.4,-2.27,6.15,17.17,,0.68,0,65,FALSE,TRUE
338,1816-12-23 01:48:29.500000,FALSE,1816-12-23 13:29:15.258865,t,-3.53,14.78,61.53,FALSE,rh,0.88,0.05,FALSE,313.25,-2.27,6.15,19.96,,0.66,0,65,FALSE,TRUE
339,1816-12-24 02:36:36.000000,FALSE,1816-12-24 14:17:51.851483,t,-2.03,23.73,84.1,FALSE,rh,0.99,0.07,FALSE,299.64,-2.4,5.65,27.56,,0.58,0,65,FALSE,TRUE
340,1816-12-24 02:41:17.000000,FALSE,1816-12-24 14:22:32.851483,t,-3.82,22.93,83.34,FALSE,rh,0.99,0.04,FALSE,299.6,-2.4,5.65,28.24,,0.57,0,65,FALSE,TRUE
341,1816-12-24 02:45:52.000000,FALSE,1816-12-24 14:27:07.851483,t,-2.03,23.65,84.1,FALSE,rh,0.99,0.07,FALSE,299.55,-2.4,5.64,28.9,,0.56,0,65,FALSE,TRUE
342,1816-12-24 02:51:01.500000,FALSE,1816-12-24 14:32:17.351483,t,-3.01,20,80.49,FALSE,rh,0.98,0.05,FALSE,299.51,-2.4,5.64,29.63,,0.55,0,65,FALSE,TRUE
343,1817-01-10 02:17:01.500000,FALSE,1817-01-10 14:06:10.702614,t,-0.66,359.78,-76.08,FALSE,rh,-0.97,0.05,FALSE,75.86,-4.32,-2.65,24.76,,0.61,0,65,TRUE,TRUE
344,1817-01-10 02:22:12.000000,FALSE,1817-01-10 14:11:21.202614,t,-0.86,3,-72.81,FALSE,rh,-0.95,0.05,FALSE,75.81,-4.32,-2.65,25.56,,0.6,0,65,FALSE,TRUE
345,1817-01-10 02:32:02.500000,FALSE,1817-01-10 14:21:11.702614,t,-0.67,359.64,-76.08,FALSE,rh,-0.97,0.05,FALSE,75.72,-4.32,-2.65,27.05,,0.58,0,65,FALSE,TRUE
346,1817-01-10 02:42:24.500000,FALSE,1817-01-10 14:31:33.702614,t,0.12,1.13,-74.49,FALSE,rh,-0.96,0.07,FALSE,75.63,-4.32,-2.66,28.57,,0.56,0,65,FALSE,TRUE
347,1817-02-28 03:03:20.500000,FALSE,1817-02-28 14:57:27.976478,t,21.05,122.06,-28.1,FALSE,rh,-0.24,0.59,FALSE,150.16,-7.23,-21.69,33.87,,0.44,0,65,FALSE,TRUE
348,1817-02-28 03:11:31.000000,FALSE,1817-02-28 15:05:38.476478,t,19.94,122.1,-27.98,FALSE,rh,-0.25,0.57,FALSE,150.08,-7.23,-21.69,34.85,,0.42,0,65,FALSE,TRUE
349,1817-02-28 03:16:24.500000,FALSE,1817-02-28 15:10:31.976478,t,21.05,121.94,-28.1,FALSE,rh,-0.24,0.59,FALSE,150.04,-7.23,-21.69,35.42,,0.41,0,65,TRUE,TRUE
350,1817-02-28 03:21:20.000000,FALSE,1817-02-28 15:15:27.476478,t,21.05,121.89,-28.1,FALSE,rh,-0.24,0.59,FALSE,149.99,-7.23,-21.69,35.97,,0.4,0,65,FALSE,TRUE
351,1817-02-28 03:26:14.000000,FALSE,1817-02-28 15:20:21.476478,t,20.25,122.89,-27.06,FALSE,rh,-0.23,0.57,FALSE,149.95,-7.23,-21.69,36.5,,0.39,0,65,FALSE,TRUE
352,1817-02-28 03:30:43.500000,FALSE,1817-02-28 15:24:50.976478,t,19.94,121.92,-27.98,FALSE,rh,-0.25,0.57,FALSE,149.91,-7.23,-21.69,36.98,,0.37,0,65,FALSE,TRUE
354,1824-09-19 00:13:43.500000,FALSE,1824-09-19 11:48:38.239617,t,34,13.12,-66.7,FALSE,rh,-0.91,0.14,FALSE,79.82,7.06,25.06,3.58,,0.68,0,65,FALSE,TRUE
355,1824-09-19 00:18:50.500000,FALSE,1824-09-19 11:53:45.239617,t,34.98,11.37,-68.4,FALSE,rh,-0.92,0.16,FALSE,79.77,7.06,25.06,4.91,,0.92,0,65,FALSE,TRUE
356,1824-09-19 00:29:52.500000,FALSE,1824-09-19 12:04:47.239617,t,34,12.98,-66.7,FALSE,rh,-0.91,0.14,FALSE,79.67,7.06,25.06,7.74,,0.92,0,65,FALSE,TRUE
360,1824-09-20 23:56:26.000000,FALSE,1824-09-20 11:30:59.805391,t,32.97,13.88,-52.9,FALSE,rh,-0.81,0.15,TRUE,66.78,7.03,25.19,-0.92,,0.92,2.79,64.06,FALSE,FALSE
357,1824-09-20 00:01:06.000000,FALSE,1824-09-20 11:35:39.805391,t,33.4,13.84,-52.9,FALSE,rh,-0.81,0.16,FALSE,66.74,7.03,25.19,0.29,,0.93,2.39,64.32,FALSE,FALSE
358,1824-09-20 00:14:27.500000,FALSE,1824-09-20 11:49:01.305391,t,33.4,13.72,-52.9,FALSE,rh,-0.81,0.16,FALSE,66.62,7.03,25.2,3.74,,0.93,2.39,64.32,FALSE,FALSE
359,1824-09-20 00:18:29.000000,FALSE,1824-09-20 11:53:02.805391,t,33.03,12.9,-53.68,FALSE,rh,-0.82,0.15,FALSE,66.58,7.03,25.2,4.78,,0.93,1.98,64.56,FALSE,FALSE
363,1824-09-23 23:54:32.500000,FALSE,1824-09-23 11:28:04.049322,t,35.06,11.86,-15.36,FALSE,rh,-0.4,0.33,TRUE,27.22,6.94,25.57,-1.38,,0.91,2,64.12,FALSE,FALSE
361,1824-09-23 00:09:15.250000,FALSE,1824-09-23 11:42:46.799322,t,34.59,12.53,-14.55,FALSE,rh,-0.39,0.33,FALSE,27.08,6.93,25.58,2.35,,0.91,2.77,64.51,FALSE,FALSE
362,1824-09-23 00:17:49.500000,FALSE,1824-09-23 11:51:21.049322,t,34.26,12.2,-14.81,FALSE,rh,-0.39,0.33,FALSE,27,6.93,25.58,4.52,,0.91,2.39,64.32,TRUE,FALSE
366,1824-09-25 23:57:19.000000,FALSE,1824-09-25 11:30:09.660645,t,34.83,10.66,9.86,FALSE,rh,-0.08,0.48,TRUE,0.81,6.86,25.8,-0.67,,0.92,0,63.95,FALSE,FALSE
364,1824-09-25 00:02:23.000000,FALSE,1824-09-25 11:35:13.660645,t,35.84,11.4,10.64,FALSE,rh,-0.08,0.5,FALSE,0.76,6.86,25.8,0.6,,0.93,-0.4,64.62,FALSE,FALSE
365,1824-09-25 00:07:06.250000,FALSE,1824-09-25 11:39:56.910645,t,32.93,10.6,9.88,FALSE,rh,-0.06,0.46,FALSE,0.72,6.86,25.8,1.78,,0.93,-0.4,64.17,FALSE,FALSE
367,1824-09-26 00:14:37.000000,FALSE,1824-09-26 11:47:07.449311,t,35.21,12.07,24.62,FALSE,rh,0.09,0.58,FALSE,347.45,6.82,25.9,3.63,,0.89,-0.4,64.17,FALSE,FALSE
368,1824-09-26 00:19:13.500000,FALSE,1824-09-26 11:51:43.949311,t,33.46,10.45,23.04,FALSE,rh,0.09,0.55,FALSE,347.41,6.82,25.9,4.77,,0.89,-0.4,64.17,FALSE,FALSE
371,1824-09-27 23:58:52.000000,FALSE,1824-09-27 11:31:02.416081,t,33.64,10.23,35.82,FALSE,rh,0.23,0.64,TRUE,334.41,6.77,25.99,-0.28,,0.92,-1.59,64.36,FALSE,FALSE
369,1824-09-27 00:07:47.500000,FALSE,1824-09-27 11:39:57.916081,t,32.56,9.62,35.3,FALSE,rh,0.24,0.62,FALSE,334.32,6.77,25.99,1.93,,0.91,-1.59,64.36,FALSE,FALSE
370,1824-09-27 00:22:17.500000,FALSE,1824-09-27 11:54:27.916081,t,31.37,9.69,35.5,FALSE,rh,0.26,0.61,FALSE,334.19,6.77,25.99,5.49,,0.93,-5.75,61.69,FALSE,FALSE
373,1824-09-29 23:55:10.500000,FALSE,1824-09-29 11:26:41.457468,t,34.07,8.94,60.89,FALSE,rh,0.43,0.78,TRUE,308.06,6.68,26.15,-1.17,,0.91,-0.8,64.39,FALSE,FALSE
372,1824-09-29 00:12:17.000000,FALSE,1824-09-29 11:43:47.957468,t,35.3,10.94,63.05,FALSE,rh,0.42,0.8,FALSE,307.9,6.68,26.15,3,,0.87,-1.6,63.91,FALSE,FALSE
375,1824-10-21 03:00:42.000000,FALSE,1824-10-21 14:26:39.334518,t,23.12,337.75,-38.45,FALSE,hv,-0.66,0.04,FALSE,16.2,5.15,26.05,32.89,35.26,0.49,,66.96,TRUE,FALSE
376,1824-10-21 03:07:21.000000,FALSE,1824-10-21 14:33:18.334518,t,21.09,335.91,-40.22,FALSE,hv,-0.67,0,FALSE,16.14,5.15,26.05,33.72,36.06,0.46,,67.1,FALSE,FALSE
377,1824-10-21 03:13:10.000000,FALSE,1824-10-21 14:39:07.334518,t,21.66,336.91,-39.17,FALSE,hv,-0.66,0.01,FALSE,16.08,5.15,26.05,34.42,36.21,0.44,,66.16,FALSE,FALSE
378,1824-10-21 03:18:35.000000,FALSE,1824-10-21 14:44:32.334518,t,21.56,336.44,-39.59,FALSE,hv,-0.67,0.01,FALSE,16.03,5.15,26.05,35.05,36.62,0.42,,66.21,TRUE,FALSE
379,1824-10-26 03:19:20.000000,FALSE,1824-10-26 14:44:40.166160,t,20.39,335.79,25.69,FALSE,hv,0.25,0.43,FALSE,310.1,4.68,25.51,34.81,36.63,0.44,,67.41,FALSE,FALSE
380,1824-10-26 03:35:13.000000,FALSE,1824-10-26 15:00:33.166160,t,22.2,338.12,28.17,FALSE,hv,0.26,0.47,FALSE,309.95,4.68,25.5,36.59,38.08,0.4,,66.91,FALSE,FALSE
381,1824-10-29 02:47:14.000000,FALSE,1824-10-29 14:12:20.428359,t_new,25.66,343.3,72.46,FALSE,hv,0.6,0.74,FALSE,270.83,4.39,25.09,30.55,27.23,0.7,,70.69,FALSE,FALSE
382,1824-10-29 02:54:38.500000,FALSE,1824-10-29 14:19:44.928359,t_new,21.64,340.6,69.83,FALSE,hv,0.64,0.68,FALSE,270.77,4.39,25.09,31.55,33.42,0.54,,67.19,FALSE,FALSE
382,1824-10-29 02:54:38.500000,FALSE,1824-10-29 14:19:44.928359,t_old,-19.87,214.8,-55.97,FALSE,hv,-0.55,-0.67,FALSE,270.77,4.39,25.09,31.55,33.42,0.54,,67.19,FALSE,FALSE
383,1825-01-27 00:27:24.000000,FALSE,1825-01-27 12:21:47.399298,t,8.04,197.36,31.26,FALSE,rh,0.55,0.13,FALSE,166.11,-5.85,-10.47,5.47,,0.83,0,65,FALSE,TRUE
384,1825-01-27 00:37:34.750000,FALSE,1825-01-27 12:31:58.149298,t,9.04,197.68,31.67,FALSE,rh,0.55,0.14,FALSE,166.01,-5.85,-10.47,7.48,,0.82,0,65,FALSE,TRUE
385,1825-01-27 00:42:29.500000,FALSE,1825-01-27 12:36:52.899298,t,8.82,196.59,30.62,FALSE,rh,0.54,0.14,FALSE,165.97,-5.85,-10.47,8.44,,0.81,0,65,FALSE,TRUE
388,1825-09-19 03:07:11.000000,FALSE,1825-09-19 14:42:11.749631,t,-21.47,268.38,-32.3,FALSE,hv,-0.26,-0.63,FALSE,300.68,7.07,25.04,37.09,38.03,0.46,,64.99,FALSE,FALSE
389,1825-09-20 02:55:52.000000,FALSE,1825-09-20 14:30:31.750072,t,-22.46,267.5,-20.09,FALSE,hv,-0.08,-0.57,FALSE,287.58,7.04,25.18,35.64,36.62,0.44,,65.01,TRUE,FALSE
390,1825-09-20 03:04:47.000000,FALSE,1825-09-20 14:39:26.750072,t,-20.39,267.18,-20.32,FALSE,hv,-0.1,-0.55,FALSE,287.5,7.04,25.18,36.68,37.46,0.4,,65.09,TRUE,FALSE
391,1825-09-20 03:13:30.500000,FALSE,1825-09-20 14:48:10.250072,t,-19.17,268.31,-19.11,FALSE,hv,-0.09,-0.53,FALSE,287.42,7.04,25.18,37.64,38.49,0.43,,65.35,FALSE,FALSE
392,1827-02-23 02:17:44.000000,FALSE,1827-02-23 14:12:42.959310,t1,16.83,224.28,-30.15,FALSE,hv,-0.32,0.53,FALSE,254.42,-7.15,-20.17,27,,0.61,,65.94,FALSE,TRUE
394,1827-02-25 00:21:10.000000,FALSE,1827-02-25 12:15:51.309296,t1,-7.44,236.24,7.09,FALSE,rh,0.11,-0.05,FALSE,229.15,-7.19,-20.72,4.67,,0.99,0,62.16,FALSE,TRUE
394,1827-02-25 00:21:10.000000,FALSE,1827-02-25 12:15:51.309296,t2,-20.55,241.5,12.35,FALSE,rh,0.1,-0.29,FALSE,229.15,-7.19,-20.72,4.67,,0.99,0,62.16,FALSE,TRUE
394,1827-02-25 00:21:10.000000,FALSE,1827-02-25 12:15:51.309296,t3,-11.24,189.58,-39.57,FALSE,rh,-0.62,0.13,FALSE,229.15,-7.19,-20.72,4.67,,0.99,0,62.16,FALSE,TRUE
395,1827-02-25 00:30:15.000000,FALSE,1827-02-25 12:24:56.309296,t1,-8.63,238.1,9.03,FALSE,rh,0.14,-0.08,FALSE,229.07,-7.19,-20.72,6.65,,0.98,0,62.61,FALSE,TRUE
395,1827-02-25 00:30:15.000000,FALSE,1827-02-25 12:24:56.309296,t2,-20.63,240.86,11.8,FALSE,rh,0.1,-0.29,FALSE,229.07,-7.19,-20.72,6.65,,0.98,0,62.61,FALSE,TRUE
395,1827-02-25 00:30:15.000000,FALSE,1827-02-25 12:24:56.309296,t3,-11.11,190.41,-38.65,FALSE,rh,-0.61,0.13,FALSE,229.07,-7.19,-20.72,6.65,,0.98,0,62.61,FALSE,TRUE
396,1827-02-26 00:33:55.500000,FALSE,1827-02-26 12:28:27.098223,t3,-9.72,193.9,-21.96,FALSE,rh,-0.36,0.08,FALSE,215.86,-7.2,-21,7.48,,0.93,2.7,66.3,FALSE,FALSE
397,1827-02-26 00:39:25.000000,FALSE,1827-02-26 12:33:56.598223,t3,-8.6,189.83,-25.98,FALSE,rh,-0.42,0.12,FALSE,215.81,-7.2,-21,8.67,,0.91,0.77,66.18,FALSE,FALSE
398,1827-02-26 00:44:42.500000,FALSE,1827-02-26 12:39:14.098223,t3,-10.44,192.72,-23.04,FALSE,rh,-0.38,0.08,FALSE,215.76,-7.2,-21,9.81,,0.89,1.56,65.7,FALSE,FALSE
399,1827-02-26 00:49:35.000000,FALSE,1827-02-26 12:44:06.598223,t3,-10.55,192.31,-23.41,FALSE,rh,-0.39,0.08,FALSE,215.72,-7.2,-21,10.84,,0.88,0.78,65.73,FALSE,FALSE
400,1827-02-28 00:23:02.000000,FALSE,1827-02-28 12:17:12.468491,t3,-17.15,193.21,3.59,FALSE,rh,-0.01,-0.18,FALSE,189.62,-7.23,-21.53,5.15,,0.94,0,65.74,FALSE,TRUE
401,1827-02-28 00:28:29.500000,FALSE,1827-02-28 12:22:39.968491,t3,-13.88,194.21,4.64,FALSE,rh,0.03,-0.14,FALSE,189.57,-7.23,-21.53,6.36,,0.93,0,65.74,FALSE,FALSE
402,1827-02-28 00:34:06.750000,FALSE,1827-02-28 12:28:17.218491,t3,-19.13,192.97,3.45,FALSE,rh,-0.02,-0.21,FALSE,189.52,-7.23,-21.53,7.6,,0.92,0,65.74,FALSE,FALSE
403,1827-02-28 00:39:21.750000,FALSE,1827-02-28 12:33:32.218491,t3,-18.69,193.38,3.91,FALSE,rh,-0.01,-0.21,FALSE,189.47,-7.23,-21.53,8.74,,0.9,1.98,64.56,FALSE,FALSE
404,1827-02-28 00:44:24.500000,FALSE,1827-02-28 12:38:34.968491,t3,-15.72,194.05,4.63,FALSE,rh,0.02,-0.17,FALSE,189.42,-7.23,-21.53,9.84,,0.9,-0.77,66.18,FALSE,FALSE
405,1827-02-28 00:49:22.000000,FALSE,1827-02-28 12:43:32.468491,t3,-17.15,194.1,4.72,FALSE,rh,0.01,-0.19,FALSE,189.38,-7.23,-21.53,10.9,,0.88,0.39,65.96,FALSE,FALSE
407,1827-03-06 00:22:08.000000,FALSE,1827-03-06 12:15:02.508935,t3,19.03,106.35,-4.24,FALSE,rh,0.11,0.43,FALSE,110.59,-7.24,-22.97,5.11,,0.96,1.59,64.36,TRUE,FALSE
408,1827-03-06 00:27:38.500000,FALSE,1827-03-06 12:20:33.008935,t3,15.06,105.37,-5.17,FALSE,rh,0.07,0.38,FALSE,110.54,-7.24,-22.97,6.37,,0.94,0.78,65.28,FALSE,FALSE
410,1827-03-07 02:22:28.500000,FALSE,1827-03-07 14:15:08.696463,t3,16.28,105.6,9.28,FALSE,hv,0.3,0.3,FALSE,96.32,-7.24,-23.21,28.92,27.36,0.72,,65.72,TRUE,FALSE
411,1827-03-07 02:28:31.000000,FALSE,1827-03-07 14:21:11.196463,t3,14.93,104.35,8.09,FALSE,hv,0.27,0.29,FALSE,96.26,-7.24,-23.21,29.83,28.03,0.68,,65.32,TRUE,FALSE
412,1827-03-07 02:35:45.000000,FALSE,1827-03-07 14:28:25.196463,t3,15.24,105.47,9.28,FALSE,hv,0.29,0.29,FALSE,96.19,-7.24,-23.21,30.88,28.89,0.63,,65.23,TRUE,FALSE
413,1827-03-07 02:41:31.000000,FALSE,1827-03-07 14:34:11.196463,t3,18.6,102.17,6.03,FALSE,hv,0.26,0.36,FALSE,96.14,-7.24,-23.21,31.69,,0.52,,63.82,TRUE,TRUE
414,1830-03-21 03:38:24.500000,FALSE,1830-03-21 15:27:05.983446,t,7.75,171.42,-33.82,FALSE,hv,-0.4,0.45,FALSE,205.25,-6.93,-25.58,39.76,38.63,0.3,,65.23,TRUE,FALSE
415,1830-03-21 03:44:34.500000,FALSE,1830-03-21 15:33:15.983446,t,7.87,171.13,-34.06,FALSE,hv,-0.4,0.45,FALSE,205.19,-6.93,-25.58,40.28,39.2,0.28,,65.1,TRUE,FALSE
416,1830-03-22 03:28:33.000000,FALSE,1830-03-22 15:16:56.265018,t,8.83,171.48,-20.67,FALSE,hv,-0.2,0.39,FALSE,192.15,-6.89,-25.7,38.98,37.63,0.33,,65.33,FALSE,FALSE
417,1830-03-22 03:34:21.000000,FALSE,1830-03-22 15:22:44.265018,t,9.08,170.36,-21.74,FALSE,hv,-0.21,0.4,FALSE,192.1,-6.89,-25.7,39.52,38.79,0.31,,65.47,TRUE,FALSE
418,1830-03-22 03:41:06.500000,FALSE,1830-03-22 15:29:29.765018,t,10.01,171.78,-20.26,FALSE,hv,-0.18,0.4,FALSE,192.04,-6.89,-25.7,40.1,38.73,0.29,,64.75,TRUE,FALSE
419,1830-03-22 03:45:17.500000,FALSE,1830-03-22 15:33:40.765018,t,8.6,169.54,-22.46,FALSE,hv,-0.23,0.4,FALSE,192,-6.89,-25.7,40.45,39.64,0.3,,65.07,FALSE,FALSE
420,1830-03-24 03:17:38.000000,FALSE,1830-03-24 15:05:24.584377,t,7.9,170.73,4.84,FALSE,hv,0.19,0.19,FALSE,165.88,-6.81,-25.9,38.17,36.91,0.36,,65.16,FALSE,FALSE
421,1830-03-24 03:23:11.500000,FALSE,1830-03-24 15:10:58.084377,t,8.63,171.39,5.56,FALSE,hv,0.2,0.2,FALSE,165.83,-6.81,-25.9,38.73,37.59,0.34,,64.97,FALSE,FALSE
422,1830-03-24 03:28:34.000000,FALSE,1830-03-24 15:16:20.584377,t,9.09,169.21,3.43,FALSE,hv,0.17,0.22,FALSE,165.78,-6.81,-25.9,39.24,38.83,0.31,,64.27,FALSE,FALSE
423,1830-03-24 03:34:21.500000,FALSE,1830-03-24 15:22:08.084377,t,8.93,170.71,4.98,FALSE,hv,0.2,0.21,FALSE,165.73,-6.81,-25.9,39.76,38.76,0.37,,65.11,FALSE,FALSE
424,1830-03-24 03:40:06.000000,FALSE,1830-03-24 15:27:52.584377,t,8.47,171.11,5.43,FALSE,hv,0.2,0.2,FALSE,165.68,-6.81,-25.9,40.25,39.5,0.3,,65.2,FALSE,FALSE
425,1830-03-25 03:28:00.500000,FALSE,1830-03-25 15:15:28.653417,t,8.72,172.01,19.41,FALSE,hv,0.41,0.09,FALSE,152.6,-6.77,-26,39.31,37.99,0.32,,64.63,FALSE,FALSE
426,1830-03-25 03:35:30.000000,FALSE,1830-03-25 15:22:58.153417,t,-37.9,114.35,-38.18,TRUE,hv,-0.67,-0.27,FALSE,152.53,-6.77,-26,39.98,,0.3,,66.51,FALSE,TRUE
427,1830-03-25 03:42:55.500000,FALSE,1830-03-25 15:30:23.653417,t,10.87,172.62,20.15,FALSE,hv,0.43,0.12,FALSE,152.47,-6.77,-26,40.61,39.92,0.27,,64.81,FALSE,FALSE
428,1830-03-26 02:56:55.500000,FALSE,1830-03-26 14:44:05.182406,t,8,173.15,33.45,FALSE,hv,0.59,-0.03,FALSE,139.7,-6.72,-26.08,36.17,35.59,0.44,,65.47,FALSE,FALSE
430,1830-06-30 02:37:12.500000,FALSE,1830-06-30 14:21:36.293631,t,8.12,318.41,7.77,FALSE,rh,0.14,0.08,FALSE,310.64,3.02,-3.05,46.65,,0.37,0,65,FALSE,TRUE
431,1830-06-30 02:41:43.500000,FALSE,1830-06-30 14:26:07.293631,t,10.84,319.65,9.05,FALSE,rh,0.16,0.13,FALSE,310.6,3.02,-3.05,47.09,,0.35,0,65,FALSE,TRUE
432,1830-06-30 02:46:29.500000,FALSE,1830-06-30 14:30:53.293631,t,8.99,317.85,7.29,FALSE,rh,0.13,0.1,FALSE,310.55,3.02,-3.05,47.52,,0.32,0,65,FALSE,TRUE
433,1830-06-30 02:50:58.500000,FALSE,1830-06-30 14:35:22.293631,t,9.93,319.13,8.62,FALSE,rh,0.15,0.11,FALSE,310.51,3.02,-3.04,47.89,,0.29,0,65,FALSE,TRUE
434,1830-06-30 02:55:23.000000,FALSE,1830-06-30 14:39:46.793631,t,8.12,318.25,7.77,FALSE,rh,0.14,0.08,FALSE,310.47,3.02,-3.04,48.23,,0.27,0,65,TRUE,TRUE
435,1830-06-30 02:59:02.000000,FALSE,1830-06-30 14:43:25.793631,t,7.22,317.8,7.36,FALSE,rh,0.13,0.07,FALSE,310.44,3.02,-3.04,48.5,,0.25,0,65,FALSE,TRUE
436,1830-07-02 02:28:15.000000,FALSE,1830-07-02 14:13:02.052630,t,8.59,318.07,33.82,FALSE,rh,0.55,0.08,FALSE,284.25,3.23,-2.14,45.57,,0.4,0,65,FALSE,TRUE
437,1830-07-02 02:32:38.500000,FALSE,1830-07-02 14:17:25.552630,t,11.25,318.76,34.56,FALSE,rh,0.56,0.13,FALSE,284.21,3.23,-2.13,46.06,,0.38,0,65,FALSE,TRUE
438,1830-07-02 02:37:09.250000,FALSE,1830-07-02 14:21:56.302630,t,14.74,319.19,35.02,FALSE,rh,0.56,0.19,FALSE,284.16,3.23,-2.13,46.53,,0.36,2.97,68.73,TRUE,FALSE
439,1830-07-02 02:41:24.000000,FALSE,1830-07-02 14:26:11.052630,t,14.67,317.33,33.21,FALSE,rh,0.54,0.19,FALSE,284.12,3.23,-2.13,46.94,,0.35,2.95,69.18,FALSE,FALSE
440,1830-07-02 02:45:54.000000,FALSE,1830-07-02 14:30:41.052630,t,15.95,317.98,33.89,FALSE,rh,0.54,0.21,FALSE,284.08,3.23,-2.13,47.35,,0.32,4.07,68.83,FALSE,FALSE
441,1830-07-02 02:50:13.000000,FALSE,1830-07-02 14:35:00.052630,t,15.05,317.32,33.27,FALSE,rh,0.54,0.19,FALSE,284.04,3.23,-2.13,47.72,,0.3,3.31,69.37,FALSE,FALSE
442,1830-07-02 02:55:06.500000,FALSE,1830-07-02 14:39:53.552630,t,15.12,318.04,34.04,FALSE,rh,0.55,0.2,FALSE,284,3.23,-2.13,48.1,,0.28,3.33,68.92,FALSE,FALSE
444,1830-07-30 02:58:36.000000,FALSE,1830-07-30 14:45:56.954274,t,14.71,314.44,40.98,FALSE,hv,0.59,0.29,FALSE,273.47,5.8,10.24,44.93,45,0.33,,67.53,FALSE,FALSE
445,1830-07-30 03:05:28.500000,FALSE,1830-07-30 14:52:49.454274,t,13.9,313.06,39.65,FALSE,hv,0.58,0.27,FALSE,273.4,5.81,10.24,45.5,46.05,0.31,,67.32,FALSE,FALSE
446,1830-07-30 03:13:12.000000,FALSE,1830-07-30 15:00:32.954274,t,14.97,314.38,41.05,FALSE,hv,0.59,0.29,FALSE,273.33,5.81,10.25,46.07,46.35,0.29,,67.3,FALSE,FALSE
448,1830-07-31 03:12:25.000000,FALSE,1830-07-31 14:59:43.551369,t,14.56,312.65,52.54,FALSE,hv,0.72,0.33,FALSE,260.11,5.88,10.65,45.86,46.35,0.33,,67.65,FALSE,FALSE
449,1830-09-27 11:51:36.000000,FALSE,1830-09-27 11:23:56.193999,t,3.3,232.95,17.02,FALSE,rh,0.29,0.08,TRUE,215.92,6.8,25.93,-2.08,,0.93,0,64.4,FALSE,TRUE
452,1830-09-30 11:48:24.500000,FALSE,1830-09-30 11:19:45.203953,t,-11.56,194.67,18.3,FALSE,rh,0.41,-0.14,TRUE,176.37,6.66,26.18,-2.81,,0.95,0,64.4,FALSE,FALSE
453,1830-09-30 11:54:07.500000,FALSE,1830-09-30 11:25:28.203953,t,-17.02,195.35,19.03,FALSE,rh,0.45,-0.22,TRUE,176.32,6.66,26.18,-1.43,,0.97,-0.8,64.39,FALSE,FALSE
450,1830-09-30 00:00:35.500000,FALSE,1830-09-30 11:31:56.203953,t,-18.28,194.82,18.56,FALSE,rh,0.45,-0.24,FALSE,176.26,6.66,26.18,0.15,,0.97,0.4,64.62,FALSE,FALSE
451,1830-09-30 00:08:01.000000,FALSE,1830-09-30 11:39:21.703953,t,-16.68,195.67,19.47,FALSE,rh,0.46,-0.21,FALSE,176.19,6.66,26.18,1.95,,0.97,-0.4,64.62,FALSE,FALSE
456,1830-10-03 11:54:40.500000,FALSE,1830-10-03 11:25:04.016427,t,-11.01,95.97,-40.77,FALSE,rh,-0.45,-0.53,TRUE,136.74,6.5,26.37,-1.27,,0.95,0.39,65.07,FALSE,FALSE
457,1830-10-03 11:59:37.500000,FALSE,1830-10-03 11:30:01.016427,t,-11.62,94.86,-41.84,FALSE,rh,-0.46,-0.54,TRUE,136.69,6.5,26.37,-0.09,,0.95,-0.8,64.39,TRUE,FALSE
454,1830-10-03 00:04:29.000000,FALSE,1830-10-03 11:34:52.516427,t,-10.63,95.98,-40.67,FALSE,rh,-0.45,-0.52,FALSE,136.65,6.5,26.37,1.07,,0.95,0,64.85,FALSE,FALSE
455,1830-10-03 00:09:22.000000,FALSE,1830-10-03 11:39:45.516427,t,-10.27,96.13,-40.47,FALSE,rh,-0.46,-0.52,FALSE,136.61,6.5,26.37,2.24,,0.94,0.4,64.62,FALSE,FALSE
459,1830-10-04 11:49:07.000000,FALSE,1830-10-04 11:19:12.081785,t,-11.03,95.56,-28.03,FALSE,rh,-0.29,-0.46,TRUE,123.6,6.45,26.41,-2.58,,0.96,0,64.85,FALSE,FALSE
460,1830-10-04 11:54:17.000000,FALSE,1830-10-04 11:24:22.081785,t,-13.05,92.42,-31.13,FALSE,rh,-0.31,-0.51,TRUE,123.55,6.45,26.41,-1.35,,0.96,-0.79,64.84,FALSE,FALSE
461,1830-10-04 11:59:20.000000,FALSE,1830-10-04 11:29:25.081785,t,-11.03,94.42,-29.08,FALSE,rh,-0.3,-0.47,TRUE,123.51,6.45,26.41,-0.16,,0.96,-0.39,65.07,TRUE,FALSE
458,1830-10-04 00:04:28.000000,FALSE,1830-10-04 11:34:33.081785,t,-10.67,95.58,-27.88,FALSE,rh,-0.29,-0.46,FALSE,123.46,6.45,26.42,1.06,,0.95,-0.4,64.62,FALSE,FALSE
463,1830-10-06 11:43:27.000000,FALSE,1830-10-06 11:12:56.302732,t,-12.68,98.48,1.21,FALSE,rh,0.16,-0.28,TRUE,97.27,6.33,26.49,-3.87,,0.92,1.17,65.5,TRUE,FALSE
464,1830-10-06 11:48:48.500000,FALSE,1830-10-06 11:18:17.802732,t,-11.83,95.37,-1.85,FALSE,rh,0.11,-0.29,TRUE,97.22,6.33,26.49,-2.62,,0.93,-0.79,64.84,FALSE,FALSE
465,1830-10-06 11:52:51.500000,FALSE,1830-10-06 11:22:20.802732,t,-11.44,95.46,-1.72,FALSE,rh,0.11,-0.29,TRUE,97.18,6.33,26.49,-1.67,,0.93,-0.4,64.62,FALSE,FALSE
466,1830-10-06 11:58:49.000000,FALSE,1830-10-06 11:28:18.302732,t,-10.51,96.75,-0.38,FALSE,rh,0.12,-0.26,TRUE,97.13,6.33,26.49,-0.27,,0.93,0,64.85,TRUE,FALSE
462,1830-10-06 00:04:34.500000,FALSE,1830-10-06 11:34:03.802732,t,-9.79,96.41,-0.66,FALSE,rh,0.11,-0.25,FALSE,97.08,6.33,26.49,1.08,,0.89,0.39,65.07,FALSE,FALSE
470,1830-10-07 11:46:08.000000,FALSE,1830-10-07 11:15:20.005065,t,-11.39,95.35,11.3,FALSE,rh,0.31,-0.18,TRUE,84.06,6.27,26.51,-3.23,,0.97,0,65.29,FALSE,FALSE
471,1830-10-07 11:51:49.000000,FALSE,1830-10-07 11:21:01.005065,t,-10.94,97.3,13.3,FALSE,rh,0.33,-0.16,TRUE,84,6.27,26.51,-1.91,,0.97,-0.39,65.07,FALSE,FALSE
472,1830-10-07 11:56:28.000000,FALSE,1830-10-07 11:25:40.005065,t,-11.13,96.56,12.6,FALSE,rh,0.32,-0.17,TRUE,83.96,6.27,26.51,-0.82,,0.97,0,64.85,TRUE,FALSE
467,1830-10-07 00:01:26.000000,FALSE,1830-10-07 11:30:38.005065,t,-11.1,97.52,13.61,FALSE,rh,0.34,-0.16,FALSE,83.92,6.27,26.51,0.34,,0.97,1.18,65.05,FALSE,FALSE
468,1830-10-07 00:06:22.000000,FALSE,1830-10-07 11:35:34.005065,t,-9.91,96.19,12.33,FALSE,rh,0.31,-0.15,FALSE,83.87,6.27,26.51,1.49,,0.97,-0.78,65.28,FALSE,FALSE
469,1830-10-07 00:11:03.500000,FALSE,1830-10-07 11:40:15.505065,t,-10.77,94.98,11.16,FALSE,rh,0.3,-0.18,FALSE,83.83,6.26,26.51,2.58,,0.97,-0.39,65.51,FALSE,FALSE
475,1830-10-09 11:47:06.000000,FALSE,1830-10-09 11:15:44.701275,t,-8.89,96.99,39.32,FALSE,rh,0.67,0.07,TRUE,57.67,6.14,26.54,-2.97,,0.9,-0.39,65.07,FALSE,FALSE
476,1830-10-09 11:51:31.500000,FALSE,1830-10-09 11:20:10.201275,t,-10.48,97.3,39.67,FALSE,rh,0.68,0.05,TRUE,57.63,6.14,26.54,-1.95,,0.9,0,64.85,FALSE,FALSE
473,1830-10-09 00:00:17.000000,FALSE,1830-10-09 11:28:55.701275,t,-10.11,96.32,38.78,FALSE,rh,0.67,0.05,FALSE,57.55,6.14,26.54,0.07,,0.9,0,65.29,FALSE,FALSE
474,1830-10-09 00:04:34.500000,FALSE,1830-10-09 11:33:13.201275,t,-9.45,97.02,39.52,FALSE,rh,0.67,0.06,FALSE,57.51,6.14,26.54,1.06,,0.9,0,64.85,FALSE,FALSE
477,1830-10-10 11:45:57.000000,FALSE,1830-10-10 11:14:19.734372,t,-10.73,96.51,52.02,FALSE,rh,0.8,0.12,TRUE,44.49,6.07,26.55,-3.22,,0.97,-0.79,64.84,FALSE,FALSE
478,1830-10-10 11:50:39.500000,FALSE,1830-10-10 11:19:02.234372,t,-10.36,96.69,52.24,FALSE,rh,0.8,0.13,TRUE,44.45,6.07,26.55,-2.14,,0.97,-0.39,65.07,FALSE,FALSE
479,1830-10-10 11:55:20.500000,FALSE,1830-10-10 11:23:43.234372,t,-11.4,96.9,52.49,FALSE,rh,0.81,0.12,TRUE,44.4,6.07,26.55,-1.07,,0.97,-0.39,65.07,FALSE,FALSE
480,1830-10-10 11:59:58.500000,FALSE,1830-10-10 11:28:21.234372,t,-10.36,96.6,52.24,FALSE,rh,0.8,0.13,TRUE,44.36,6.07,26.55,0,,0.97,-0.39,65.07,TRUE,FALSE
483,1830-10-11 11:44:02.500000,FALSE,1830-10-11 11:12:09.748257,t,-11.73,98.07,66.75,FALSE,rh,0.91,0.19,TRUE,31.32,6,26.54,-3.63,,0.92,-0.79,64.84,FALSE,FALSE
484,1830-10-11 11:48:35.500000,FALSE,1830-10-11 11:16:42.748257,t,-10.29,97.74,66.46,FALSE,rh,0.9,0.21,TRUE,31.28,6,26.54,-2.6,,0.92,-0.39,65.07,FALSE,FALSE
485,1830-10-11 11:53:08.000000,FALSE,1830-10-11 11:21:15.248257,t,-10.34,96.09,64.85,FALSE,rh,0.9,0.2,TRUE,31.23,6,26.54,-1.56,,0.93,0,65.29,FALSE,FALSE
486,1830-10-11 11:57:37.500000,FALSE,1830-10-11 11:25:44.748257,t,-10.72,95.88,64.69,FALSE,rh,0.9,0.19,TRUE,31.19,6,26.54,-0.54,,0.92,-0.39,65.07,TRUE,FALSE
481,1830-10-11 00:02:10.000000,FALSE,1830-10-11 11:30:17.248257,t,-9.81,95.6,64.45,FALSE,rh,0.89,0.21,FALSE,31.15,6,26.54,0.5,,0.93,-0.39,65.51,FALSE,FALSE
482,1830-10-11 00:06:36.500000,FALSE,1830-10-11 11:34:43.748257,t,-9.48,101.61,70.5,FALSE,rh,0.92,0.24,FALSE,31.11,6,26.54,1.51,,0.92,-0.39,65.07,FALSE,FALSE
488,1830-10-13 11:49:17.500000,FALSE,1830-10-13 11:16:55.285001,t,17.66,314.1,-50.79,FALSE,rh,-0.77,-0.11,TRUE,4.89,5.85,26.51,-2.41,,0.89,-0.39,65.51,FALSE,FALSE
489,1830-10-13 11:53:49.500000,FALSE,1830-10-13 11:21:27.285001,t,18.74,315.28,-49.58,FALSE,rh,-0.76,-0.09,TRUE,4.85,5.85,26.51,-1.39,,0.89,-0.78,65.28,TRUE,FALSE
490,1830-10-13 11:59:21.500000,FALSE,1830-10-13 11:26:59.285001,t,17.87,315.07,-49.73,FALSE,rh,-0.76,-0.11,TRUE,4.8,5.85,26.51,-0.14,,0.89,0,65.29,TRUE,FALSE
487,1830-10-13 00:03:51.000000,FALSE,1830-10-13 11:31:28.785001,t,17.18,314,-50.76,FALSE,rh,-0.77,-0.12,FALSE,4.76,5.85,26.51,0.87,,0.88,0,65.29,FALSE,FALSE
