obs_id,object,event,recorded_time,modified_time,rising,pole
177,S,in,1813-02-03 00:01:01.000,,FALSE,N
177,t,in,1813-02-03 00:02:41.000,,FALSE,N
177,t,out,1813-02-03 00:04:29.000,,FALSE,N
177,S,out,1813-02-03 00:04:48.500,,FALSE,N
175,S,in,1813-02-03 23:49:37.000,,TRUE,N
175,t,in,1813-02-03 23:51:20.000,,TRUE,N
175,t,out,1813-02-03 23:53:06.000,,TRUE,N
175,S,out,1813-02-03 23:53:24.000,,TRUE,N
176,S,in,1813-02-03 23:55:18.000,,TRUE,N
176,t,in,1813-02-03 23:57:00.000,,TRUE,N
176,t,out,1813-02-03 23:58:46.000,,TRUE,N
176,S,out,1813-02-03 23:59:05.000,,TRUE,N
178,S,in,1813-02-04 23:26:16.500,,TRUE,N
178,t,in,1813-02-04 23:27:46.000,,TRUE,N
178,t,out,1813-02-04 23:29:32.000,,TRUE,N
178,S,out,1813-02-04 23:30:04.000,,TRUE,N
179,S,in,1813-02-04 23:32:39.000,,TRUE,N
179,t,in,1813-02-04 23:34:09.500,,TRUE,N
179,t,out,1813-02-04 23:35:54.500,,TRUE,N
179,S,out,1813-02-04 23:36:26.500,,TRUE,N
180,S,in,1813-02-04 23:40:00.500,,TRUE,N
180,t,in,1813-02-04 23:41:30.500,,TRUE,N
180,t,out,1813-02-04 23:43:15.000,,TRUE,N
180,S,out,1813-02-04 23:43:46.500,,TRUE,N
181,S,in,1813-02-04 23:45:28.500,,TRUE,N
181,t,in,1813-02-04 23:46:57.000,,TRUE,N
181,t,out,1813-02-04 23:48:43.500,,TRUE,N
181,S,out,1813-02-04 23:49:14.500,,TRUE,N
182,S,in,1813-02-04 23:51:31.500,,TRUE,N
182,t,in,1813-02-04 23:53:01.500,,TRUE,N
182,t,out,1813-02-04 23:54:46.500,,TRUE,N
182,S,out,1813-02-04 23:55:18.500,,TRUE,N
183,S,in,1813-02-04 23:57:47.000,,TRUE,N
183,t,in,1813-02-04 23:59:17.000,,TRUE,N
183,t,out,1813-02-04 00:01:01.500,,FALSE,N
183,S,out,1813-02-04 00:01:33.000,,FALSE,N
184,S,in,1813-02-05 23:16:48.500,,TRUE,N
184,t,in,1813-02-05 23:18:07.000,,TRUE,N
184,t,out,1813-02-05 23:19:48.000,,TRUE,N
184,S,out,1813-02-05 23:20:35.000,,TRUE,N
185,S,in,1813-02-05 23:21:56.500,,TRUE,N
185,t,in,1813-02-05 23:23:14.500,,TRUE,N
185,t,out,1813-02-05 23:24:56.000,,TRUE,N
185,S,out,1813-02-05 23:25:42.250,,TRUE,N
186,S,in,1813-02-05 23:28:08.750,,TRUE,N
186,t,in,1813-02-05 23:29:27.000,,TRUE,N
186,t,out,1813-02-05 23:31:08.500,,TRUE,N
186,S,out,1813-02-05 23:31:55.500,,TRUE,N
187,S,in,1813-02-05 23:34:15.250,,TRUE,N
187,t,in,1813-02-05 23:35:33.000,,TRUE,N
187,t,out,1813-02-05 23:37:16.500,,TRUE,N
187,S,out,1813-02-05 23:38:03.750,,TRUE,N
188,S,in,1813-02-05 23:40:29.000,,TRUE,N
188,t,in,1813-02-05 23:41:46.000,,TRUE,N
188,t,out,1813-02-05 23:43:27.500,,TRUE,N
188,S,out,1813-02-05 23:44:14.250,,TRUE,N
189,S,in,1813-02-05 23:46:42.500,,TRUE,N
189,t,in,1813-02-05 23:48:00.000,,TRUE,N
189,t,out,1813-02-05 23:49:42.000,,TRUE,N
189,S,out,1813-02-05 23:50:29.000,,TRUE,N
190,S,in,1813-02-06 00:12:43.000,,FALSE,N
190,t,in,1813-02-06 00:13:47.000,,FALSE,N
190,t,out,1813-02-06 00:15:25.000,,FALSE,N
190,S,out,1813-02-06 00:16:28.000,,FALSE,N
191,S,in,1813-02-06 00:17:28.000,,FALSE,N
191,t,in,1813-02-06 00:18:31.500,,FALSE,N
191,t,out,1813-02-06 00:20:11.000,,FALSE,N
191,S,out,1813-02-06 00:21:13.500,,FALSE,N
192,S,in,1813-02-06 00:22:19.000,,FALSE,N
192,t,in,1813-02-06 00:23:22.500,,FALSE,N
192,t,out,1813-02-06 00:25:01.000,,FALSE,N
192,S,out,1813-02-06 00:26:04.500,,FALSE,N
193,S,in,1813-02-06 00:27:17.500,,FALSE,N
193,t,in,1813-02-06 00:28:21.000,,FALSE,N
193,t,out,1813-02-06 00:30:00.000,,FALSE,N
193,S,out,1813-02-06 00:31:03.000,,FALSE,N
194,S,in,1813-02-06 00:31:48.000,,FALSE,N
194,t,in,1813-02-06 00:32:51.000,,FALSE,N
194,t,out,1813-02-06 00:34:30.000,,FALSE,N
194,S,out,1813-02-06 00:35:33.500,,FALSE,N
195,S,in,1813-02-06 00:36:34.000,,FALSE,N
195,t,in,1813-02-06 00:37:37.500,,FALSE,N
195,t,out,1813-02-06 00:39:16.000,,FALSE,N
195,S,out,1813-02-06 00:40:19.250,,FALSE,N
196,S,in,1813-02-08 22:57:17.500,,TRUE,N
196,t,in,1813-02-08 22:57:57.000,,TRUE,N
196,t,out,1813-02-08 22:59:26.000,,TRUE,N
196,S,out,1813-02-08 23:01:01.500,,TRUE,N
197,S,in,1813-02-08 23:01:55.000,,TRUE,N
197,t,in,1813-02-08 23:02:35.000,,TRUE,N
197,t,out,1813-02-08 23:04:05.000,,TRUE,N
197,S,out,1813-02-08 23:05:40.500,,TRUE,N
198,S,in,1813-02-08 23:06:53.000,,TRUE,N
198,t,in,1813-02-08 23:07:34.000,,TRUE,N
198,t,out,1813-02-08 23:09:04.000,,TRUE,N
198,S,out,1813-02-08 23:10:40.000,,TRUE,N
199,S,in,1813-02-08 23:11:21.000,,TRUE,N
199,t,in,1813-02-08 23:12:00.000,,TRUE,N
199,t,out,1813-02-08 23:13:30.000,,TRUE,N
199,S,out,1813-02-08 23:15:06.000,,TRUE,N
200,S,in,1813-02-08 23:15:51.500,,TRUE,N
200,t,in,1813-02-08 23:16:31.000,,TRUE,N
200,t,out,1813-02-08 23:18:01.000,,TRUE,N
200,S,out,1813-02-08 23:19:36.500,,TRUE,N
201,S,in,1813-02-08 23:20:30.500,,TRUE,N
201,t,in,1813-02-08 23:21:11.000,,TRUE,N
201,t,out,1813-02-08 23:22:40.000,,TRUE,N
201,S,out,1813-02-08 23:24:16.000,,TRUE,N
202,S,in,1813-04-04 01:57:56.000,,FALSE,N
202,t,in,1813-04-04 01:59:15.000,,FALSE,N
202,t,out,1813-04-04 02:01:18.000,,FALSE,N
202,S,out,1813-04-04 02:01:33.000,,FALSE,N
203,S,in,1813-04-04 02:02:14.000,,FALSE,N
203,t,in,1813-04-04 02:03:34.000,,FALSE,N
203,t,out,1813-04-04 02:05:35.000,,FALSE,N
203,S,out,1813-04-04 02:05:50.000,,FALSE,N
204,S,in,1813-04-04 02:07:45.500,,FALSE,N
204,t,in,1813-04-04 02:09:04.000,,FALSE,N
204,t,out,1813-04-04 02:11:06.000,,FALSE,N
204,S,out,1813-04-04 02:11:21.000,,FALSE,N
205,S,in,1813-04-04 02:12:11.500,,FALSE,N
205,t,in,1813-04-04 02:13:30.000,,FALSE,N
205,t,out,1813-04-04 02:15:35.000,,FALSE,N
205,S,out,1813-04-04 02:15:49.500,,FALSE,N
206,S,in,1813-04-05 04:11:50.500,,FALSE,N
206,t,in,1813-04-05 04:13:04.000,,FALSE,N
206,t,out,1813-04-05 04:15:03.000,,FALSE,N
206,S,out,1813-04-05 04:15:27.000,,FALSE,N
207,S,in,1813-04-05 04:16:24.500,,FALSE,N
207,t,in,1813-04-05 04:17:38.000,,FALSE,N
207,t,out,1813-04-05 04:19:37.500,,FALSE,N
207,S,out,1813-04-05 04:20:02.000,,FALSE,N
208,S,in,1813-04-05 04:20:57.500,,FALSE,N
208,t,in,1813-04-05 04:22:10.500,,FALSE,N
208,t,out,1813-04-05 04:24:10.500,,FALSE,N
208,S,out,1813-04-05 04:24:35.500,,FALSE,N
209,S,in,1813-04-05 04:34:45.500,,FALSE,N
209,t,in,1813-04-05 04:35:59.000,,FALSE,N
209,t,out,1813-04-05 04:37:57.500,,FALSE,N
209,S,out,1813-04-05 04:38:22.500,,FALSE,N
210,S,in,1813-04-06 02:43:34.000,,FALSE,N
210,t,in,1813-04-06 02:44:40.500,,FALSE,N
210,t,out,1813-04-06 02:46:38.000,,FALSE,N
210,S,out,1813-04-06 02:47:11.500,,FALSE,N
211,S,in,1813-04-06 02:52:33.000,,FALSE,N
211,t,in,1813-04-06 02:53:39.000,,FALSE,N
211,t,out,1813-04-06 02:55:35.500,,FALSE,N
211,S,out,1813-04-06 02:56:10.500,,FALSE,N
212,S,in,1813-04-06 03:02:09.000,,FALSE,N
212,t,in,1813-04-06 03:03:15.000,,FALSE,N
212,t,out,1813-04-06 03:05:11.000,,FALSE,N
212,S,out,1813-04-06 03:06:46.500,1813-04-06 03:05:46.500,FALSE,N
213,S,in,1813-04-07 02:50:03.000,,FALSE,N
213,t,in,1813-04-07 02:51:01.000,,FALSE,N
213,t,out,1813-04-07 02:52:55.000,,FALSE,N
213,S,out,1813-04-07 02:53:42.000,,FALSE,N
214,S,in,1813-04-07 02:59:30.000,,FALSE,N
214,t,in,1813-04-07 03:00:28.000,,FALSE,N
214,t,out,1813-04-07 03:02:19.500,,FALSE,N
214,S,out,1813-04-07 03:03:07.000,,FALSE,N
215,S,in,1813-04-07 03:14:05.000,,FALSE,N
215,t,in,1813-04-07 03:15:03.000,,FALSE,N
215,t,out,1813-04-07 03:16:55.500,,FALSE,N
215,S,out,1813-04-07 03:17:43.000,,FALSE,N
216,S,in,1813-04-08 02:54:36.500,,FALSE,N
216,t,in,1813-04-08 02:55:26.500,,FALSE,N
216,t,out,1813-04-08 02:57:14.000,,FALSE,N
216,S,out,1813-04-08 02:58:16.000,,FALSE,N
217,S,in,1813-04-08 03:04:16.000,,FALSE,N
217,t,in,1813-04-08 03:05:06.000,,FALSE,N
217,t,out,1813-04-08 03:06:52.500,,FALSE,N
217,S,out,1813-04-08 03:07:54.250,,FALSE,N
218,S,in,1813-04-08 03:17:46.000,,FALSE,N
218,t,in,1813-04-08 03:18:36.500,,FALSE,N
218,t,out,1813-04-08 03:20:22.500,,FALSE,N
218,S,out,1813-04-08 03:21:23.500,,FALSE,N
220,S,in,1813-04-09 03:22:50.000,,FALSE,N
220,t_a,in,1813-04-09 03:23:31.000,,FALSE,N
220,t_b,in,1813-04-09 03:24:03.000,,FALSE,N
220,t_a,out,1813-04-09 03:25:12.500,,FALSE,N
220,t_b,out,1813-04-09 03:25:52.500,,FALSE,N
220,S,out,1813-04-09 03:26:28.000,,FALSE,N
222,S,in,1813-04-09 03:34:18.500,,FALSE,N
222,t_a,in,1813-04-09 03:34:59.000,,FALSE,N
222,t_b,in,1813-04-09 03:35:30.000,,FALSE,N
222,t_a,out,1813-04-09 03:36:41.500,,FALSE,N
222,t_b,out,1813-04-09 03:37:27.500,1813-04-09 03:37:21.500,FALSE,N
222,S,out,1813-04-09 03:38:57.000,1813-04-09 03:37:57.000,FALSE,N
224,S,in,1813-04-09 03:48:28.500,,FALSE,N
224,t_a,in,1813-04-09 03:49:11.000,,FALSE,N
224,t_b,in,1813-04-09 03:49:41.000,,FALSE,N
224,t_a,out,1813-04-09 03:50:49.000,,FALSE,N
224,t_b,out,1813-04-09 03:51:29.500,,FALSE,N
224,S,out,1813-04-09 03:52:06.000,,FALSE,N
226,S,in,1813-04-10 02:49:14.000,,FALSE,N
226,t_a,in,1813-04-10 02:49:47.000,,FALSE,N
226,t_b,in,1813-04-10 02:50:16.000,,FALSE,N
226,t_a,out,1813-04-10 02:51:32.500,,FALSE,N
226,t_b,out,1813-04-10 02:52:11.750,,FALSE,N
226,S,out,1813-04-10 02:53:02.500,,FALSE,N
228,S,in,1813-04-10 03:02:40.500,,FALSE,N
228,t_a,in,1813-04-10 03:03:13.500,,FALSE,N
228,t_b,in,1813-04-10 03:03:41.500,,FALSE,N
228,t_a,out,1813-04-10 03:04:49.000,,FALSE,N
228,t_b,out,1813-04-10 03:05:28.000,,FALSE,N
228,S,out,1813-04-10 03:06:19.000,,FALSE,N
230,S,in,1813-04-10 03:11:33.500,,FALSE,N
230,t_a,in,1813-04-10 03:12:07.500,,FALSE,N
230,t_b,in,1813-04-10 03:12:35.000,,FALSE,N
230,t_a,out,1813-04-10 03:13:41.500,,FALSE,N
230,t_b,out,1813-04-10 03:14:21.500,,FALSE,N
230,S,out,1813-04-10 03:15:12.500,,FALSE,N
232,S,in,1813-04-11 03:15:20.500,,FALSE,N
232,t_a,in,1813-04-11 03:15:47.000,,FALSE,N
232,t_b,in,1813-04-11 03:16:13.000,,FALSE,N
232,t_a,out,1813-04-11 03:17:15.000,,FALSE,N
232,t_b,out,1813-04-11 03:17:51.000,,FALSE,N
232,S,out,1813-04-11 03:18:59.500,,FALSE,N
234,S,in,1813-04-11 03:38:41.500,,FALSE,N
234,t_a,in,1813-04-11 03:39:07.000,,FALSE,N
234,t_b,in,1813-04-11 03:39:33.000,,FALSE,N
234,t_a,out,1813-04-11 03:40:37.000,,FALSE,N
234,t_b,out,1813-04-11 03:41:13.000,,FALSE,N
234,S,out,1813-04-11 03:42:20.500,,FALSE,N
236,S,in,1813-04-12 03:15:42.500,,FALSE,N
236,t_a,in,1813-04-12 03:16:03.000,,FALSE,N
236,t_b,in,1813-04-12 03:16:26.000,,FALSE,N
236,t_a,out,1813-04-12 03:17:26.500,,FALSE,N
236,t_b,out,1813-04-12 03:17:59.000,,FALSE,N
236,S,out,1813-04-12 03:19:22.000,,FALSE,N
238,S,in,1813-04-12 03:24:30.000,,FALSE,N
238,t_a,in,1813-04-12 03:24:50.000,,FALSE,N
238,t_b,in,1813-04-12 03:25:14.000,,FALSE,N
238,t_a,out,1813-04-12 03:26:14.000,,FALSE,N
238,t_b,out,1813-04-12 03:26:46.500,,FALSE,N
238,S,out,1813-04-12 03:28:00.000,1813-04-12 03:28:10.000,FALSE,N
240,S,in,1813-04-12 03:33:24.500,,FALSE,N
240,t_a,in,1813-04-12 03:33:44.000,,FALSE,N
240,t_b,in,1813-04-12 03:34:09.000,,FALSE,N
240,t_a,out,1813-04-12 03:35:08.000,,FALSE,N
240,t_b,out,1813-04-12 03:35:41.000,,FALSE,N
240,S,out,1813-04-12 03:37:03.750,,FALSE,N
241,S,in,1813-04-13 04:30:48.500,,FALSE,N
241,t_b,in,1813-04-13 04:31:23.000,,FALSE,N
241,t_b,out,1813-04-13 04:32:48.500,,FALSE,N
241,S,out,1813-04-13 04:34:27.000,,FALSE,N
242,S,in,1813-04-13 04:43:50.000,,FALSE,N
242,t_b,in,1813-04-13 04:44:35.000,1813-04-13 04:44:25.000,FALSE,N
242,t_b,out,1813-04-13 04:45:59.000,,FALSE,N
242,S,out,1813-04-13 04:47:37.500,,FALSE,N
243,S,in,1813-04-13 04:52:31.500,,FALSE,N
243,t_b,in,1813-04-13 04:53:06.000,,FALSE,N
243,t_b,out,1813-04-13 04:54:31.000,,FALSE,N
243,S,out,1813-04-13 04:56:09.500,,FALSE,N
244,S,in,1813-04-14 03:40:30.000,,FALSE,N
244,t_b,in,1813-04-14 03:40:57.000,,FALSE,N
244,t_b,out,1813-04-14 03:42:17.000,,FALSE,N
244,S,out,1813-04-14 03:44:08.000,,FALSE,N
245,S,in,1813-04-14 03:49:27.000,,FALSE,N
245,t_b,in,1813-04-14 03:49:54.500,,FALSE,N
245,t_b,out,1813-04-14 03:51:15.000,,FALSE,N
245,S,out,1813-04-14 03:53:05.500,,FALSE,N
246,S,in,1813-04-14 04:04:16.500,,FALSE,N
246,t_b,in,1813-04-14 04:04:44.000,,FALSE,N
246,t_b,out,1813-04-14 04:05:03.500,,FALSE,N
246,S,out,1813-04-14 04:06:55.250,,FALSE,N
248,S,in,1813-06-23 09:27:35.000,,TRUE,N
248,t_1,in,1813-06-23 09:29:05.000,,TRUE,N
248,t_2,in,1813-06-23 09:29:11.000,,TRUE,N
248,t_1,out,1813-06-23 09:30:55.500,,TRUE,N
248,t_2,out,1813-06-23 09:31:05.000,,TRUE,N
248,S,out,1813-06-23 09:31:32.000,,TRUE,N
250,S,in,1813-06-23 09:45:16.000,,TRUE,N
250,t_1,in,1813-06-23 09:46:46.000,,TRUE,N
250,t_2,in,1813-06-23 09:46:52.000,,TRUE,N
250,t_1,out,1813-06-23 09:48:38.000,,TRUE,N
250,t_2,out,1813-06-23 09:48:46.500,,TRUE,N
250,S,out,1813-06-23 09:49:15.000,,TRUE,N
251,S,in,1813-06-24 09:57:50.000,,TRUE,N
251,t_1,in,1813-06-24 09:58:09.500,1813-06-24 09:59:09.500,TRUE,N
251,t_1,out,1813-06-24 09:59:58.000,,TRUE,N
251,S,out,1813-06-24 10:02:48.500,1813-06-24 10:00:48.500,TRUE,N
252,S,in,1813-06-24 10:12:10.000,,TRUE,N
252,t_1,in,1813-06-24 10:13:26.500,,TRUE,N
252,t_1,out,1813-06-24 10:15:17.500,,TRUE,N
252,S,out,1813-06-24 10:16:07.500,,TRUE,N
253,S,in,1813-06-28 10:56:20.000,,TRUE,N
253,t_1,in,1813-06-28 10:56:46.000,,TRUE,N
253,t_1,out,1813-06-28 10:58:32.000,,TRUE,N
253,S,out,1813-06-28 11:00:17.500,,TRUE,N
254,S,in,1813-06-28 11:10:39.000,,TRUE,N
254,t_1,in,1813-06-28 11:11:06.000,,TRUE,N
254,t_1,out,1813-06-28 11:12:49.500,,TRUE,N
254,S,out,1813-06-28 11:14:35.500,,TRUE,N
255,S,in,1813-07-26 11:31:13.500,,TRUE,N
255,t,in,1813-07-26 11:33:26.000,,TRUE,N
255,t,out,1813-07-26 11:34:50.000,,TRUE,N
255,S,out,1813-07-26 11:35:03.000,,TRUE,N
256,S,in,1813-07-26 11:41:11.000,,TRUE,N
256,t,in,1813-07-26 11:43:25.000,,TRUE,N
256,t,out,1813-07-26 11:44:51.000,,TRUE,N
256,S,out,1813-07-26 11:45:03.500,,TRUE,N
257,S,in,1813-07-26 11:55:08.500,,TRUE,N
257,t,in,1813-07-26 11:57:21.500,,TRUE,N
257,t,out,1813-07-26 11:58:47.000,,TRUE,N
257,S,out,1813-07-26 11:59:00.500,,TRUE,N
258,S,in,1813-07-27 11:01:07.000,,TRUE,N
258,t_A,in,1813-07-27 11:03:11.000,,TRUE,N
258,t_A,out,1813-07-27 11:04:35.000,,TRUE,N
258,S,out,1813-07-27 11:04:37.000,1813-07-27 11:04:57.000,TRUE,N
259,S,in,1813-07-27 11:10:23.500,,TRUE,N
259,t_A,in,1813-07-27 11:12:29.000,,TRUE,N
259,t_A,out,1813-07-27 11:13:52.000,,TRUE,N
259,S,out,1813-07-27 11:14:14.500,,TRUE,N
260,S,in,1813-07-27 11:24:21.000,,TRUE,N
260,t_A,in,1813-07-27 11:26:25.500,,TRUE,N
260,t_A,out,1813-07-27 11:27:51.000,,TRUE,N
260,S,out,1813-07-27 11:28:12.000,,TRUE,N
261,S,in,1813-07-28 10:38:45.500,1813-07-28 10:58:45.500,TRUE,N
261,t_A,in,1813-07-28 11:00:38.500,,TRUE,N
261,t_A,out,1813-07-28 11:02:05.000,,TRUE,N
261,S,out,1813-07-28 11:02:36.500,,TRUE,N
262,S,in,1813-07-28 11:03:15.000,,TRUE,N
262,t_A,in,1813-07-28 11:05:07.000,,TRUE,N
262,t_A,out,1813-07-28 11:06:32.500,,TRUE,N
262,S,out,1813-07-28 11:07:05.000,,TRUE,N
263,S,in,1813-07-29 10:56:02.000,,TRUE,N
263,t,in,1813-07-29 10:57:39.000,,TRUE,N
263,t,out,1813-07-29 10:59:08.500,,TRUE,N
263,S,out,1813-07-29 10:59:53.000,,TRUE,N
264,S,in,1813-07-29 11:01:49.000,,TRUE,N
264,t,in,1813-07-29 11:03:26.000,,TRUE,N
264,t,out,1813-07-29 11:04:54.000,,TRUE,N
264,S,out,1813-07-29 11:05:39.000,,TRUE,N
265,S,in,1813-08-02 06:12:40.000,,TRUE,N
265,t,in,1813-08-02 06:13:02.000,,TRUE,N
265,t,out,1813-08-02 06:14:42.000,,TRUE,N
265,S,out,1813-08-02 06:16:29.000,,TRUE,N
266,S,in,1813-08-02 06:26:42.500,,TRUE,N
266,t,in,1813-08-02 06:27:03.000,,TRUE,N
266,t,out,1813-08-02 06:28:45.000,,TRUE,N
266,S,out,1813-08-02 06:30:31.750,,TRUE,N
267,S,in,1813-08-03 06:24:23.000,,TRUE,N
267,t,in,1813-08-03 06:24:35.000,,TRUE,N
267,t,out,1813-08-03 06:26:17.000,,TRUE,N
267,S,out,1813-08-03 06:28:10.000,,TRUE,N
268,S,in,1813-08-03 06:41:52.000,,TRUE,N
268,t,in,1813-08-03 06:42:04.000,,TRUE,N
268,t,out,1813-08-03 06:43:48.500,,TRUE,N
268,S,out,1813-08-03 06:45:41.000,,TRUE,N
270,S,in,1813-09-26 13:21:04.500,1813-09-26 13:22:04.500,FALSE,N
270,t_1,in,1813-09-26 13:22:33.500,,FALSE,N
270,t_2,in,1813-09-26 13:23:36.000,,FALSE,N
270,t_1,out,1813-09-26 13:23:48.000,,FALSE,N
270,t_2,out,1813-09-26 13:24:49.000,,FALSE,N
270,S,out,1813-09-26 13:25:43.000,,FALSE,N
272,S,in,1813-09-26 13:26:38.000,,FALSE,N
272,t_1,in,1813-09-26 13:27:09.500,,FALSE,N
272,t_2,in,1813-09-26 13:28:10.000,,FALSE,N
272,t_1,out,1813-09-26 13:28:21.000,,FALSE,N
272,t_2,out,1813-09-26 13:29:22.000,,FALSE,N
272,S,out,1813-09-26 13:30:16.500,,FALSE,N
273,S,in,1813-09-28 15:08:03.000,,FALSE,N
273,t_2,in,1813-09-28 15:10:03.000,1813-09-28 15:09:03.000,FALSE,N
273,t_2,out,1813-09-28 15:11:27.000,1813-09-28 15:10:27.000,FALSE,N
273,S,out,1813-09-28 15:11:42.000,,FALSE,N
85,S,in,1813-09-28 15:17:06.000,,FALSE,N
85,t_1,in,1813-09-28 15:17:15.000,,FALSE,N
85,t_2,in,1813-09-28 15:18:03.000,,FALSE,N
85,t_1,out,1813-09-28 15:18:38.000,,FALSE,N
86,S,in,1813-09-28 15:23:29.500,,FALSE,N
86,t_1,in,1813-09-28 15:23:38.000,,FALSE,N
86,t_2,in,1813-09-28 15:24:27.000,,FALSE,N
274,S,in,1813-10-02 15:41:17.500,,FALSE,N
274,t_2,in,1813-10-02 15:41:26.000,,FALSE,N
274,t_2,out,1813-10-02 15:42:16.000,1813-10-02 15:43:16.000,FALSE,N
274,S,out,1813-10-02 15:45:57.000,1813-10-02 15:44:57.000,FALSE,N
275,S,in,1813-10-02 15:50:25.000,,FALSE,N
275,t_2,in,1813-10-02 15:50:33.500,,FALSE,N
275,t_2,out,1813-10-02 15:52:24.000,,FALSE,N
275,S,out,1813-10-02 15:54:05.000,,FALSE,N
277,S,in,1813-10-09 15:20:23.000,,FALSE,
277,t_1,in,1813-10-09 15:20:27.000,,FALSE,
277,t_2,in,1813-10-09 15:20:56.000,,FALSE,
277,t_2,out,1813-10-09 15:22:06.000,,FALSE,
277,t_1,out,1813-10-09 15:22:14.000,,FALSE,
277,S,out,1813-10-09 15:24:00.000,,FALSE,
279,S,in,1813-10-09 15:29:20.000,,FALSE,
279,t_1,in,1813-10-09 15:29:23.500,,FALSE,
279,t_2,in,1813-10-09 15:29:53.500,,FALSE,
279,t_2,in,1813-10-09 15:31:02.000,,FALSE,
279,t_1,out,1813-10-09 15:31:10.500,,FALSE,
279,S,out,1813-10-09 15:32:56.000,,FALSE,
282,S,in,1813-12-12 17:07:35.000,1813-12-12 17:06:35.000,FALSE,
282,t,in,1813-12-12 17:08:50.000,,FALSE,
282,t,out,1813-12-12 17:10:16.000,,FALSE,
282,S,out,1813-12-12 17:10:32.000,,FALSE,
280,S,in,1813-12-12 20:29:48.000,,TRUE,
280,t,in,1813-12-12 20:32:02.500,,TRUE,
280,t,out,1813-12-12 20:33:29.000,,TRUE,
280,S,out,1813-12-12 20:33:45.000,,TRUE,
281,S,in,1813-12-12 20:39:04.000,,TRUE,
281,t,in,1813-12-12 20:41:18.000,,TRUE,
281,t,out,1813-12-12 20:42:45.000,,TRUE,
281,S,out,1813-12-12 20:43:00.500,,TRUE,
283,S,in,1815-06-10 08:01:11.000,,TRUE,
283,t,in,1815-06-10 08:03:20.000,,TRUE,
283,t,out,1815-06-10 08:04:25.000,,TRUE,
283,S,out,1815-06-10 08:05:02.000,,TRUE,
284,S,in,1815-06-10 08:07:23.500,,TRUE,
284,t,in,1815-06-10 08:09:31.000,,TRUE,
284,t,out,1815-06-10 08:10:39.000,,TRUE,
284,S,out,1815-06-10 08:11:19.000,,TRUE,
285,S,in,1815-06-10 08:13:39.500,,TRUE,
285,t,in,1815-06-10 08:15:47.000,,TRUE,
285,t,out,1815-06-10 08:16:54.000,,TRUE,
285,S,out,1815-06-10 08:17:32.000,,TRUE,
286,S,in,1816-07-04 10:36:06.000,,TRUE,N
286,t_m,in,1816-07-04 10:38:11.000,,TRUE,N
286,t_m,out,1816-07-04 10:39:39.000,,TRUE,N
286,S,out,1816-07-04 10:39:59.000,,TRUE,N
287,S,in,1816-07-04 10:50:50.000,,TRUE,N
287,t_m,in,1816-07-04 10:52:55.500,,TRUE,N
287,t_m,out,1816-07-04 10:54:22.500,,TRUE,N
287,S,out,1816-07-04 10:54:42.500,,TRUE,N
288,S,in,1816-07-06 10:17:06.500,,TRUE,N
288,t_m,in,1816-07-06 10:18:49.000,,TRUE,N
288,t_m,out,1816-07-06 10:20:13.000,,TRUE,N
288,S,out,1816-07-06 10:20:58.500,,TRUE,N
289,S,in,1816-07-06 10:26:27.500,,TRUE,N
289,t_m,in,1816-07-06 10:28:10.000,,TRUE,N
289,t_m,out,1816-07-06 10:29:34.000,,TRUE,N
289,S,out,1816-07-06 10:30:20.000,,TRUE,N
290,S,in,1816-07-13 10:56:09.000,,TRUE,N
290,t,in,1816-07-13 10:56:18.000,,TRUE,N
290,t,out,1816-07-13 10:57:49.000,,TRUE,N
290,S,out,1816-07-13 11:00:00.000,,TRUE,N
291,S,in,1816-07-13 11:10:36.000,,TRUE,N
291,t,in,1816-07-13 11:10:44.000,,TRUE,N
291,t,out,1816-07-13 11:12:17.500,,TRUE,N
291,S,out,1816-07-13 11:14:28.500,,TRUE,N
293,S,in,1816-10-05 02:45:54.000,,FALSE,S
293,t_1,in,1816-10-05 02:47:19.000,,FALSE,S
293,t_2,in,1816-10-05 02:47:27.000,,FALSE,S
293,t_1,out,1816-10-05 02:49:07.000,,FALSE,S
293,t_2,out,1816-10-05 02:49:18.500,,FALSE,S
293,S,out,1816-10-05 02:49:35.500,,FALSE,S
295,S,in,1816-10-05 02:51:03.500,,FALSE,S
295,t_1,in,1816-10-05 02:51:27.000,1816-10-05 02:52:27.000,FALSE,S
295,t_2,in,1816-10-05 02:52:37.000,,FALSE,S
295,t_1,out,1816-10-05 02:54:17.000,,FALSE,S
295,t_2,out,1816-10-05 02:54:28.000,,FALSE,S
295,S,out,1816-10-05 02:54:45.000,,FALSE,S
297,S,in,1816-10-05 02:55:57.000,,FALSE,S
297,t_1,in,1816-10-05 02:57:21.000,,FALSE,S
297,t_2,in,1816-10-05 02:57:31.000,,FALSE,S
297,t_1,out,1816-10-05 02:59:10.000,,FALSE,S
297,t_2,out,1816-10-05 02:59:20.500,,FALSE,S
297,S,out,1816-10-05 02:59:37.000,,FALSE,S
299,S,in,1816-10-08 02:33:35.500,,FALSE,S
299,t_1,in,1816-10-08 02:34:31.000,,FALSE,S
299,t_2,in,1816-10-08 02:34:40.000,,FALSE,S
299,t_1,out,1816-10-08 02:36:02.000,,FALSE,S
299,t_2,out,1816-10-08 02:36:16.000,,FALSE,S
299,S,out,1816-10-08 02:37:17.000,,FALSE,S
301,S,in,1816-10-08 02:47:42.500,,FALSE,S
301,t_1,in,1816-10-08 02:48:37.000,,FALSE,S
301,t_2,in,1816-10-08 02:48:48.000,,FALSE,S
301,t_1,out,1816-10-08 02:50:09.000,,FALSE,S
301,t_2,out,1816-10-08 02:50:23.000,,FALSE,S
301,S,out,1816-10-08 02:51:24.500,,FALSE,S
303,S,in,1816-10-10 02:20:54.500,,FALSE,N
303,t_1,in,1816-10-10 02:21:34.000,,FALSE,N
303,t_2,in,1816-10-10 02:21:48.500,,FALSE,N
303,t_1,out,1816-10-10 02:22:45.000,,FALSE,N
303,t_2,out,1816-10-10 02:22:52.500,,FALSE,N
303,S,out,1816-10-10 02:23:31.000,1816-10-10 02:24:31.000,FALSE,N
305,S,in,1816-10-10 02:24:23.000,,FALSE,N
305,t_1,in,1816-10-10 02:25:05.000,,FALSE,N
305,t_2,in,1816-10-10 02:25:17.000,,FALSE,N
305,t_1,out,1816-10-10 02:26:12.000,,FALSE,N
305,t_2,out,1816-10-10 02:26:19.000,,FALSE,N
305,S,out,1816-10-10 02:27:56.000,,FALSE,N
307,S,in,1816-10-10 02:29:08.000,,FALSE,N
307,t_1,in,1816-10-10 02:29:48.000,,FALSE,N
307,t_2,in,1816-10-10 02:30:02.000,,FALSE,N
307,t_1,out,1816-10-10 02:30:59.000,,FALSE,N
307,t_2,out,1816-10-10 02:31:07.000,,FALSE,N
307,S,out,1816-10-10 02:32:46.000,,FALSE,N
309,S,in,1816-10-11 02:21:40.000,,FALSE,N
309,t_1,in,1816-10-11 02:22:09.000,,FALSE,N
309,t_2,in,1816-10-11 02:22:19.000,,FALSE,N
309,t_1,out,1816-10-11 02:23:25.000,,FALSE,N
309,t_2,out,1816-10-11 02:23:32.000,,FALSE,N
309,S,out,1816-10-11 02:25:19.000,,FALSE,N
311,S,in,1816-10-11 02:36:02.000,,FALSE,N
311,t_1,in,1816-10-11 02:37:28.000,1816-10-11 02:36:28.000,FALSE,N
311,t_2,in,1816-10-11 02:37:38.500,1816-10-11 02:36:38.500,FALSE,N
311,t_1,out,1816-10-11 02:37:45.000,,FALSE,N
311,t_2,out,1816-10-11 02:37:52.000,,FALSE,N
311,S,out,1816-10-11 02:39:38.500,,FALSE,N
313,S,in,1816-10-12 01:50:01.000,,FALSE,N
313,t_1,in,1816-10-12 01:50:16.500,,FALSE,N
313,t_2,in,1816-10-12 01:50:25.000,,FALSE,N
313,t_1,out,1816-10-12 01:51:37.000,,FALSE,N
313,t_2,out,1816-10-12 01:51:43.000,,FALSE,N
313,S,out,1816-10-12 01:53:37.000,,FALSE,N
315,S,in,1816-10-12 02:06:27.500,,FALSE,N
315,t_1,in,1816-10-12 02:06:42.000,,FALSE,N
315,t_2,in,1816-10-12 02:06:51.000,,FALSE,N
315,t_1,out,1816-10-12 02:08:05.000,,FALSE,N
315,t_2,out,1816-10-12 02:08:10.000,,FALSE,N
315,S,out,1816-10-12 02:10:05.000,,FALSE,N
317,S,in,1816-10-13 04:14:37.000,,FALSE,N
317,t_1,in,1816-10-13 04:14:44.000,,FALSE,N
317,t_2,in,1816-10-13 04:14:50.000,,FALSE,N
317,t_1,out,1816-10-13 04:16:11.000,,FALSE,N
317,t_2,out,1816-10-13 04:16:15.500,,FALSE,N
317,S,out,1816-10-13 04:18:16.250,,FALSE,N
319,S,in,1816-10-13 04:28:55.000,,FALSE,N
319,t_1,in,1816-10-13 04:29:02.000,,FALSE,N
319,t_2,in,1816-10-13 04:29:08.000,,FALSE,N
319,t_1,out,1816-10-13 04:30:31.000,,FALSE,N
319,t_2,out,1816-10-13 04:30:34.500,,FALSE,N
319,S,out,1816-10-13 04:32:34.500,,FALSE,N
320,S,in,1816-10-14 02:24:08.000,,FALSE,N
320,t_2,in,1816-10-14 02:24:14.000,,FALSE,N
320,t_2,out,1816-10-14 02:25:41.500,,FALSE,N
320,S,out,1816-10-14 02:27:45.000,,FALSE,N
321,S,in,1816-10-14 02:37:21.000,,FALSE,N
321,t_2,in,1816-10-14 02:37:27.000,,FALSE,N
321,t_2,out,1816-10-14 02:38:55.500,,FALSE,N
321,S,out,1816-10-14 02:40:59.000,,FALSE,N
323,S,in,1816-10-15 02:58:12.000,,FALSE,N
323,t_3,in,1816-10-15 02:59:42.000,,FALSE,N
323,t_4,in,1816-10-15 02:59:50.000,,FALSE,N
323,t_3,out,1816-10-15 03:00:56.000,,FALSE,N
323,t_4,out,1816-10-15 03:01:00.000,,FALSE,N
323,S,out,1816-10-15 03:02:51.000,1816-10-15 03:01:51.000,FALSE,N
325,S,in,1816-10-15 03:07:40.000,,FALSE,N
325,t_3,in,1816-10-15 03:09:11.000,,FALSE,N
325,t_4,in,1816-10-15 03:09:19.000,,FALSE,N
325,t_3,out,1816-10-15 03:10:23.000,,FALSE,N
325,t_4,out,1816-10-15 03:10:28.000,,FALSE,N
325,S,out,1816-10-15 03:12:19.000,1816-10-15 03:11:19.000,FALSE,N
327,S,in,1816-10-17 02:50:40.000,,FALSE,N
327,t_3,in,1816-10-17 02:51:38.500,,FALSE,N
327,t_4,in,1816-10-17 02:51:46.500,,FALSE,N
327,t_3,out,1816-10-17 02:53:04.000,,FALSE,N
327,t_4,out,1816-10-17 02:53:08.500,,FALSE,N
327,S,out,1816-10-17 02:54:20.000,,FALSE,N
329,S,in,1816-10-17 03:04:24.000,,FALSE,N
329,t_3,in,1816-10-17 03:05:22.500,,FALSE,N
329,t_4,in,1816-10-17 03:05:31.000,,FALSE,N
329,t_3,out,1816-10-17 03:06:47.500,,FALSE,N
329,t_4,out,1816-10-17 03:06:50.500,,FALSE,N
329,S,out,1816-10-17 03:08:02.500,,FALSE,N
331,S,in,1816-10-19 02:47:50.500,,FALSE,N
331,t_3,in,1816-10-19 02:48:21.000,,FALSE,N
331,t_4,in,1816-10-19 02:48:26.000,,FALSE,N
331,t_3,out,1816-10-19 02:49:58.000,,FALSE,N
331,t_4,out,1816-10-19 02:50:02.000,,FALSE,N
331,S,out,1816-10-19 02:51:31.000,,FALSE,N
333,S,in,1816-10-19 02:52:10.750,,FALSE,N
333,t_3,in,1816-10-19 02:52:41.000,,FALSE,N
333,t_4,in,1816-10-19 02:52:47.000,,FALSE,N
333,t_3,out,1816-10-19 02:54:16.500,,FALSE,N
333,t_4,out,1816-10-19 02:54:21.000,,FALSE,N
333,S,out,1816-10-19 02:55:50.000,,FALSE,N
334,S,in,1816-10-20 02:58:44.000,,FALSE,N
334,t_3,in,1816-10-20 02:59:03.000,,FALSE,N
334,t_3,out,1816-10-20 03:00:45.000,,FALSE,N
334,S,out,1816-10-20 03:02:24.000,,FALSE,N
335,S,in,1816-10-20 03:11:54.000,,FALSE,N
335,t_3,in,1816-10-20 03:12:11.000,,FALSE,N
335,t_3,out,1816-10-20 03:13:55.500,,FALSE,N
335,S,out,1816-10-20 03:15:34.500,,FALSE,N
336,S,in,1816-10-21 02:12:43.000,,FALSE,N
336,t_3,in,1816-10-21 02:12:53.000,,FALSE,N
336,t_3,out,1816-10-21 02:14:41.000,,FALSE,N
336,S,out,1816-10-21 02:16:25.000,,FALSE,N
128,S,in,1816-10-21 02:17:06.500,,FALSE,N
128,t_3,in,1816-10-21 02:17:15.500,,FALSE,N
128,t_3,out,1816-10-21 02:19:04.000,,FALSE,N
338,S,in,1816-10-22 02:59:41.000,,FALSE,N
338,t_3,in,1816-10-22 02:59:45.000,,FALSE,N
338,t_3,out,1816-10-22 03:01:34.000,,FALSE,N
338,t_5,in,1816-10-22 03:02:03.500,,FALSE,N
338,t_5,out,1816-10-22 03:03:53.000,1816-10-22 03:02:53.000,FALSE,N
338,S,out,1816-10-22 03:03:21.000,,FALSE,N
340,S,in,1816-10-22 03:04:41.000,,FALSE,N
340,t_3,in,1816-10-22 03:04:45.000,,FALSE,N
340,t_3,out,1816-10-22 03:06:35.000,,FALSE,N
340,t_5,in,1816-10-22 03:07:04.000,,FALSE,N
340,t_5,out,1816-10-22 03:07:54.000,,FALSE,N
340,S,out,1816-10-22 03:08:22.500,,FALSE,N
342,S,in,1816-10-22 03:09:22.000,,FALSE,N
342,t_3,in,1816-10-22 03:09:26.000,,FALSE,N
342,t_3,out,1816-10-22 03:11:24.000,1816-10-22 03:11:14.000,FALSE,N
342,t_5,in,1816-10-22 03:11:53.000,1816-10-22 03:11:43.000,FALSE,N
342,t_5,out,1816-10-22 03:12:42.000,1816-10-22 03:12:32.000,FALSE,N
342,S,out,1816-10-22 03:13:10.500,1816-10-22 03:13:00.500,FALSE,N
343,S,in,1816-10-24 02:00:23.000,,FALSE,N
343,t_5,in,1816-10-24 02:02:25.000,,FALSE,N
343,t_5,out,1816-10-24 02:03:21.500,,FALSE,N
343,S,out,1816-10-24 02:04:04.500,,FALSE,N
344,S,in,1816-10-24 02:14:40.500,,FALSE,N
344,t_5,in,1816-10-24 02:16:43.000,,FALSE,N
344,t_5,out,1816-10-24 02:17:39.000,,FALSE,N
344,S,out,1816-10-24 02:18:21.500,,FALSE,N
345,S,in,1816-11-16 02:17:37.500,,FALSE,N
345,t,in,1816-11-16 02:20:10.000,,FALSE,N
345,t,out,1816-11-16 02:21:07.000,,FALSE,N
345,S,out,1816-11-16 02:21:29.250,,FALSE,N
346,S,in,1816-11-16 02:25:35.500,,FALSE,N
346,t,in,1816-11-16 02:28:05.000,,FALSE,N
346,t,out,1816-11-16 02:29:06.000,,FALSE,N
346,S,out,1816-11-16 02:29:29.250,,FALSE,N
347,S,in,1816-11-16 02:40:26.000,,FALSE,N
347,t,in,1816-11-16 02:43:04.000,,FALSE,N
347,t,out,1816-11-16 02:44:00.500,,FALSE,N
347,S,out,1816-11-16 02:44:18.000,,FALSE,N
348,S,in,1816-11-17 01:05:52.000,,FALSE,N
348,t,in,1816-11-17 01:08:17.000,,FALSE,N
348,t,out,1816-11-17 01:09:17.000,,FALSE,N
348,S,out,1816-11-17 01:09:42.000,,FALSE,N
137,S,in,1816-11-17 01:10:26.750,,FALSE,N
137,t,out,1816-11-17 01:13:52.000,,FALSE,N
137,S,out,1816-11-17 01:14:16.000,,FALSE,N
349,S,in,1816-11-18 01:49:47.000,,FALSE,N
349,t,in,1816-11-18 01:52:02.000,,FALSE,N
349,t,out,1816-11-18 01:53:04.000,,FALSE,N
349,S,out,1816-11-18 01:53:36.000,,FALSE,N
350,S,in,1816-11-18 02:00:52.500,,FALSE,N
350,t,in,1816-11-18 02:03:09.000,,FALSE,N
350,t,out,1816-11-18 02:04:10.500,,FALSE,N
350,S,out,1816-11-18 02:04:42.500,,FALSE,N
351,S,in,1816-11-18 23:22:37.500,,TRUE,N
351,t_1,in,1816-11-18 23:24:41.000,,TRUE,N
351,t_1,out,1816-11-18 23:25:46.500,,TRUE,N
351,S,out,1816-11-18 23:26:28.000,,TRUE,N
352,S,in,1816-11-18 23:27:39.000,,TRUE,N
352,t_1,in,1816-11-18 23:29:42.000,,TRUE,N
352,t_1,out,1816-11-18 23:30:49.000,,TRUE,N
352,S,out,1816-11-18 23:31:29.250,,TRUE,N
353,S,in,1816-11-20 02:14:41.000,,FALSE,N
353,t,in,1816-11-20 02:16:27.000,,FALSE,N
353,t,out,1816-11-20 02:17:38.500,,FALSE,N
353,S,out,1816-11-20 02:18:31.000,,FALSE,N
354,S,in,1816-11-20 02:29:31.000,,FALSE,N
354,t,in,1816-11-20 02:31:18.000,,FALSE,N
354,t,out,1816-11-20 02:32:29.500,,FALSE,N
354,S,out,1816-11-20 02:33:22.000,,FALSE,N
355,S,in,1816-11-21 01:46:48.000,,FALSE,N
355,t,in,1816-11-21 01:48:11.000,,FALSE,N
355,t,out,1816-11-21 01:49:29.000,,FALSE,N
355,S,out,1816-11-21 01:50:33.500,,FALSE,N
356,S,in,1816-11-21 01:56:26.000,,FALSE,N
356,t,in,1816-11-21 01:57:53.250,,FALSE,N
356,t,out,1816-11-21 01:59:12.250,,FALSE,N
356,S,out,1816-11-21 02:00:17.000,,FALSE,N
357,S,in,1816-11-21 02:01:20.500,,FALSE,N
357,t,in,1816-11-21 02:02:48.000,,FALSE,N
357,t,out,1816-11-21 02:04:08.000,,FALSE,N
357,S,out,1816-11-21 02:05:12.000,,FALSE,N
358,S,in,1816-11-26 02:29:59.000,,FALSE,N
358,t,in,1816-11-26 02:30:12.000,,FALSE,N
358,t,out,1816-11-26 02:31:54.000,,FALSE,N
358,S,out,1816-11-26 02:33:53.000,,FALSE,N
359,S,in,1816-11-26 02:45:50.500,,FALSE,N
359,t,in,1816-11-26 02:46:03.000,,FALSE,N
359,t,out,1816-11-26 02:47:44.000,,FALSE,N
359,S,out,1816-11-26 02:49:43.500,,FALSE,N
360,S,in,1816-11-27 02:04:46.000,,FALSE,N
360,t,in,1816-11-27 02:04:52.000,,FALSE,N
360,t,out,1816-11-27 02:06:35.000,,FALSE,N
360,S,out,1816-11-27 02:08:39.500,,FALSE,N
361,S,in,1816-11-27 02:09:47.000,,FALSE,N
361,t,in,1816-11-27 02:09:52.000,,FALSE,N
361,t,out,1816-11-27 02:11:35.000,,FALSE,N
361,S,out,1816-11-27 02:11:39.500,1816-11-27 02:13:39.500,FALSE,N
362,S,in,1816-11-27 02:14:35.000,,FALSE,N
362,t,in,1816-11-27 02:14:41.000,,FALSE,N
362,t,out,1816-11-27 02:16:23.500,,FALSE,N
362,S,out,1816-11-27 02:18:28.000,,FALSE,N
363,S,in,1816-12-17 02:24:23.500,,FALSE,N
363,t,in,1816-12-17 02:26:07.500,,FALSE,N
363,t,out,1816-12-17 02:27:33.000,,FALSE,N
363,S,out,1816-12-17 02:28:19.500,,FALSE,N
364,S,in,1816-12-17 02:33:41.500,,FALSE,N
364,t,in,1816-12-17 02:35:25.500,,FALSE,N
364,t,out,1816-12-17 02:36:51.000,,FALSE,N
364,S,out,1816-12-17 02:37:37.500,,FALSE,N
365,S,in,1816-12-17 02:38:13.000,,FALSE,N
365,t,in,1816-12-17 02:39:56.500,,FALSE,N
365,t,out,1816-12-17 02:41:22.000,,FALSE,N
365,S,out,1816-12-17 02:42:09.500,,FALSE,N
366,S,in,1816-12-18 02:07:45.500,,FALSE,N
366,t,in,1816-12-18 02:09:12.000,,FALSE,N
366,t,out,1816-12-18 02:10:40.500,,FALSE,N
366,S,out,1816-12-18 02:11:41.250,,FALSE,N
367,S,in,1816-12-18 02:17:00.500,,FALSE,N
367,t,in,1816-12-18 02:18:27.000,,FALSE,N
367,t,out,1816-12-18 02:19:59.000,,FALSE,N
367,S,out,1816-12-18 02:20:57.000,,FALSE,N
368,S,in,1816-12-18 02:21:34.500,,FALSE,N
368,t,in,1816-12-18 02:23:02.000,,FALSE,N
368,t,out,1816-12-18 02:24:30.000,,FALSE,N
368,S,out,1816-12-18 02:25:31.000,,FALSE,N
374,S,in,1816-12-21 01:48:20.500,,FALSE,N
374,t,in,1816-12-21 01:48:58.500,,FALSE,N
374,t,out,1816-12-21 01:50:32.500,,FALSE,N
374,S,out,1816-12-21 01:52:17.000,,FALSE,N
369,S,in,1816-12-20 02:31:50.500,,FALSE,N
369,t,in,1816-12-20 02:32:44.000,,FALSE,N
369,t,out,1816-12-20 02:34:16.250,,FALSE,N
369,S,out,1816-12-20 02:36:47.500,1816-12-20 02:35:47.500,FALSE,N
370,S,in,1816-12-20 02:36:33.000,,FALSE,N
370,t,in,1816-12-20 02:37:26.500,,FALSE,N
370,t,out,1816-12-20 02:38:59.250,,FALSE,N
370,S,out,1816-12-20 02:40:30.250,,FALSE,N
371,S,in,1816-12-20 02:45:51.500,,FALSE,N
371,t,in,1816-12-20 02:46:46.000,,FALSE,N
371,t,out,1816-12-20 02:48:18.000,,FALSE,N
371,S,out,1816-12-20 02:49:48.250,,FALSE,N
372,S,in,1816-12-21 01:33:48.500,,FALSE,N
372,t,in,1816-12-21 01:34:28.000,,FALSE,N
372,t,out,1816-12-21 01:35:59.500,,FALSE,N
372,S,out,1816-12-21 01:37:44.000,,FALSE,N
373,S,in,1816-12-21 01:42:54.000,,FALSE,N
373,t,in,1816-12-21 01:43:31.500,,FALSE,N
373,t,out,1816-12-21 01:45:06.500,,FALSE,N
373,S,out,1816-12-21 01:46:51.000,,FALSE,N
375,S,in,1816-12-23 01:32:14.000,,FALSE,N
375,t,in,1816-12-23 01:32:29.500,,FALSE,N
375,t,out,1816-12-23 01:34:03.500,,FALSE,N
375,S,out,1816-12-23 01:36:10.000,,FALSE,N
376,S,in,1816-12-23 01:48:29.500,,FALSE,N
376,t,in,1816-12-23 01:48:44.000,,FALSE,N
376,t,out,1816-12-23 01:50:17.000,,FALSE,N
376,S,out,1816-12-23 01:52:25.000,,FALSE,N
377,S,in,1816-12-24 02:36:36.000,,FALSE,N
377,t,in,1816-12-24 02:36:42.000,,FALSE,N
377,t,out,1816-12-24 02:38:17.000,,FALSE,N
377,S,out,1816-12-24 02:40:32.250,,FALSE,N
378,S,in,1816-12-24 02:41:17.000,,FALSE,N
378,t,in,1816-12-24 02:41:24.000,,FALSE,N
378,t,out,1816-12-24 02:42:57.000,,FALSE,N
378,S,out,1816-12-24 02:45:13.000,,FALSE,N
379,S,in,1816-12-24 02:45:52.000,,FALSE,N
379,t,in,1816-12-24 02:45:58.500,,FALSE,N
379,t,out,1816-12-24 02:47:32.500,,FALSE,N
379,S,out,1816-12-24 02:49:48.000,,FALSE,N
380,S,in,1816-12-24 02:51:01.500,,FALSE,N
380,t,in,1816-12-24 02:51:09.000,,FALSE,N
380,t,out,1816-12-24 02:52:42.000,,FALSE,N
380,S,out,1816-12-24 02:54:57.500,,FALSE,N
381,S,in,1817-01-10 02:16:01.500,1817-01-10 02:17:01.500,FALSE,
381,t,in,1817-01-10 02:19:16.000,,FALSE,
381,t,out,1817-01-10 02:20:48.500,,FALSE,
381,S,out,1817-01-10 02:20:56.500,,FALSE,
382,S,in,1817-01-10 02:22:12.000,,FALSE,
382,t,in,1817-01-10 02:24:25.500,,FALSE,
382,t,out,1817-01-10 02:25:58.000,,FALSE,
382,S,out,1817-01-10 02:26:07.000,,FALSE,
383,S,in,1817-01-10 02:32:02.500,,FALSE,
383,t,in,1817-01-10 02:34:16.500,,FALSE,
383,t,out,1817-01-10 02:35:48.000,,FALSE,
383,S,out,1817-01-10 02:35:56.000,,FALSE,
384,S,in,1817-01-10 02:42:24.500,,FALSE,
384,t,in,1817-01-10 02:44:38.000,,FALSE,
384,t,out,1817-01-10 02:46:12.500,,FALSE,
384,S,out,1817-01-10 02:46:21.000,,FALSE,
385,S,in,1817-02-28 03:03:20.500,,FALSE,
385,t,in,1817-02-28 03:04:30.000,,FALSE,
385,t,out,1817-02-28 03:06:20.500,,FALSE,
385,S,out,1817-02-28 03:06:59.000,,FALSE,
386,S,in,1817-02-28 03:11:31.000,,FALSE,
386,t,in,1817-02-28 03:12:41.000,,FALSE,
386,t,out,1817-02-28 03:14:30.000,,FALSE,
386,S,out,1817-02-28 03:15:08.000,,FALSE,
387,S,in,1817-02-28 03:16:24.500,,FALSE,
387,t,in,1817-02-28 03:17:33.500,,FALSE,
387,t,out,1817-02-28 03:19:25.000,,FALSE,
387,S,out,1817-02-28 03:21:03.000,1817-02-28 03:20:03.000,FALSE,
388,S,in,1817-02-28 03:21:20.000,,FALSE,
388,t,in,1817-02-28 03:22:29.500,,FALSE,
388,t,out,1817-02-28 03:24:20.000,,FALSE,
388,S,out,1817-02-28 03:24:58.500,,FALSE,
389,S,in,1817-02-28 03:26:14.000,,FALSE,
389,t,in,1817-02-28 03:27:23.500,,FALSE,
389,t,out,1817-02-28 03:29:14.000,,FALSE,
389,S,out,1817-02-28 03:29:53.000,,FALSE,
390,S,in,1817-02-28 03:30:43.500,,FALSE,
390,t,in,1817-02-28 03:31:53.500,,FALSE,
390,t,out,1817-02-28 03:33:43.500,,FALSE,
390,S,out,1817-02-28 03:34:22.000,,FALSE,
391,S,in,1823-12-07 23:59:54.000,1823-12-07 11:59:54.000,TRUE,
391,t,in,1823-12-07 00:00:08.000,1823-12-07 12:00:08.000,FALSE,
391,t,out,1823-12-07 00:01:53.000,1823-12-07 12:01:53.000,FALSE,
391,S,out,1823-12-07 00:02:48.000,1823-12-07 12:02:48.000,FALSE,
392,S,in,1824-09-19 00:13:43.500,,FALSE,N
392,t,in,1824-09-19 00:15:51.000,,FALSE,N
392,t,out,1824-09-19 00:16:11.000,,FALSE,N
392,S,out,1824-09-19 00:16:20.000,,FALSE,N
393,S,in,1824-09-19 00:18:50.500,,FALSE,N
393,t,in,1824-09-19 00:20:57.500,,FALSE,N
393,t,out,1824-09-19 00:22:17.000,,FALSE,N
393,S,out,1824-09-19 00:22:25.000,,FALSE,N
394,S,in,1824-09-19 00:29:52.500,,FALSE,N
394,t,in,1824-09-19 00:32:00.000,,FALSE,N
394,t,out,1824-09-19 00:33:20.500,,FALSE,N
394,S,out,1824-09-19 00:33:30.000,,FALSE,N
396,S,c1,1824-09-20 00:01:06.000,,FALSE,N
396,S,c2,1824-09-20 00:02:21.000,,FALSE,N
396,t,in,1824-09-20 00:03:06.000,,FALSE,N
396,S,c3,1824-09-20 00:03:33.000,,FALSE,N
396,t,out,1824-09-20 00:04:27.500,,FALSE,N
396,S,c4,1824-09-20 00:04:42.000,,FALSE,N
397,S,c1,1824-09-20 00:14:27.500,,FALSE,N
397,S,c2,1824-09-20 00:15:42.500,,FALSE,N
397,t,in,1824-09-20 00:16:27.500,,FALSE,N
397,S,c3,1824-09-20 00:16:55.000,,FALSE,N
397,t,out,1824-09-20 00:17:49.000,,FALSE,N
397,S,c4,1824-09-20 00:18:03.500,,FALSE,N
398,S,c1,1824-09-20 00:18:29.000,,FALSE,N
398,S,c2,1824-09-20 00:19:44.250,,FALSE,N
398,t,in,1824-09-20 00:20:30.000,,FALSE,N
398,S,c3,1824-09-20 00:20:56.000,,FALSE,N
398,t,out,1824-09-20 00:21:52.000,,FALSE,N
398,S,c4,1824-09-20 00:22:06.500,,FALSE,N
395,S,c1,1824-09-20 23:56:26.000,,TRUE,N
395,S,c2,1824-09-20 23:57:40.000,,TRUE,N
395,t,in,1824-09-20 23:58:26.000,,TRUE,N
395,S,c3,1824-09-20 23:58:53.000,,TRUE,N
395,t,out,1824-09-20 23:59:46.000,,TRUE,N
395,S,c4,1824-09-20 00:00:00.000,,TRUE,N
400,S,c1,1824-09-23 00:09:15.250,,FALSE,N
400,S,c2,1824-09-23 00:10:30.000,,FALSE,N
400,t,in,1824-09-23 00:10:43.000,,FALSE,N
400,S,c3,1824-09-23 00:11:43.500,,FALSE,N
400,t,out,1824-09-23 00:12:15.250,,FALSE,N
400,S,c4,1824-09-23 00:12:51.500,,FALSE,N
401,S,c1,1824-09-23 00:17:49.500,,FALSE,N
401,S,c2,1824-09-23 00:19:05.000,,FALSE,N
401,t,in,1824-09-23 00:20:17.000,1824-09-23 00:19:17.000,FALSE,N
401,S,c3,1824-09-23 00:21:17.000,1824-09-23 00:20:17.000,FALSE,N
401,t,out,1824-09-23 00:21:50.000,1824-09-23 00:20:50.000,FALSE,N
401,S,c4,1824-09-23 00:22:26.500,1824-09-23 00:21:26.500,FALSE,N
399,S,c1,1824-09-23 23:54:32.500,,TRUE,N
399,S,c2,1824-09-23 23:55:46.500,,TRUE,N
399,t,in,1824-09-23 23:56:00.000,,TRUE,N
399,S,c3,1824-09-23 23:56:59.000,,TRUE,N
399,t,out,1824-09-23 23:57:32.500,,TRUE,N
399,S,c4,1824-09-23 23:58:07.500,,TRUE,N
403,S,c1,1824-09-25 00:02:23.000,,FALSE,N
403,t,in,1824-09-25 00:03:24.000,,FALSE,N
403,S,c2,1824-09-25 00:03:40.000,,FALSE,N
403,S,c3,1824-09-25 00:04:47.000,,FALSE,N
403,t,out,1824-09-25 00:05:13.500,,FALSE,N
403,S,c4,1824-09-25 00:06:05.000,,FALSE,N
404,S,c1,1824-09-25 00:07:06.250,,FALSE,N
404,t,in,1824-09-25 00:08:08.000,,FALSE,N
404,S,c2,1824-09-25 00:08:24.000,,FALSE,N
404,S,c3,1824-09-25 00:09:30.000,,FALSE,N
404,t,out,1824-09-25 00:09:55.500,,FALSE,N
404,S,c4,1824-09-25 00:10:48.500,,FALSE,N
402,S,c1,1824-09-25 23:57:19.000,,TRUE,N
402,t,in,1824-09-25 23:58:20.000,,TRUE,N
402,S,c2,1824-09-25 23:58:36.000,,TRUE,N
402,S,c3,1824-09-25 23:59:42.000,,TRUE,N
402,t,out,1824-09-25 00:00:08.000,,FALSE,N
402,S,c4,1824-09-25 00:00:59.000,,FALSE,N
405,S,c1,1824-09-26 00:14:37.000,,FALSE,N
405,t,in,1824-09-26 00:15:24.500,,FALSE,N
405,S,c2,1824-09-26 00:15:49.500,,FALSE,N
405,S,c3,1824-09-26 00:17:00.000,,FALSE,N
405,t,out,1824-09-26 00:17:15.000,,FALSE,N
405,S,c4,1824-09-26 00:18:14.250,,FALSE,N
406,S,c1,1824-09-26 00:19:13.500,,FALSE,N
406,t,in,1824-09-26 00:20:01.500,,FALSE,N
406,S,c2,1824-09-26 00:20:26.750,,FALSE,N
406,S,c3,1824-09-26 00:21:37.000,,FALSE,N
406,t,out,1824-09-26 00:21:51.000,,FALSE,N
406,S,c4,1824-09-26 00:22:51.500,,FALSE,N
408,S,c1,1824-09-27 00:07:47.500,,FALSE,N
408,t,in,1824-09-27 00:08:24.500,,FALSE,N
408,S,c2,1824-09-27 00:09:04.000,,FALSE,N
408,S,c3,1824-09-27 00:10:10.000,,FALSE,N
408,t,out,1824-09-27 00:10:23.000,,FALSE,N
408,S,c4,1824-09-27 00:11:30.000,,FALSE,N
409,S,c1,1824-09-27 00:22:17.500,,FALSE,N
409,t,in,1824-09-27 00:22:54.000,,FALSE,N
409,S,c2,1824-09-27 00:23:41.500,,FALSE,N
409,S,c3,1824-09-27 00:24:29.500,,FALSE,N
409,t,out,1824-09-27 00:25:02.500,,FALSE,N
409,S,c4,1824-09-27 00:26:07.500,,FALSE,N
407,S,c1,1824-09-27 23:58:52.000,,TRUE,N
407,t,in,1824-09-27 23:59:29.000,,TRUE,N
407,S,c2,1824-09-27 00:00:10.000,,FALSE,N
407,S,c3,1824-09-27 00:01:14.000,,FALSE,N
407,t,out,1824-09-27 00:01:30.000,,FALSE,N
407,S,c4,1824-09-27 00:02:36.500,,FALSE,N
411,S,c1,1824-09-29 00:12:17.000,,FALSE,N
411,t,in,1824-09-29 00:12:37.000,,FALSE,N
411,S,c2,1824-09-29 00:13:28.000,,FALSE,N
411,S,c3,1824-09-29 00:14:38.000,,FALSE,N
411,t,out,1824-09-29 00:14:40.500,,FALSE,N
411,S,c4,1824-09-29 00:15:53.000,,FALSE,N
410,S,c1,1824-09-29 23:55:10.500,,TRUE,N
410,t,in,1824-09-29 23:55:30.500,,TRUE,N
410,S,c2,1824-09-29 23:56:29.500,,TRUE,N
410,S,c3,1824-09-29 23:57:33.500,,TRUE,N
410,t,out,1824-09-29 23:57:41.000,,TRUE,N
410,S,c4,1824-09-29 23:58:55.000,,TRUE,N
412,S,c1,1824-09-30 23:55:41.000,,TRUE,N
412,t,in,1824-09-30 23:55:55.000,,TRUE,N
412,S,c2,1824-09-30 23:56:51.500,,TRUE,N
412,S,c3,1824-09-30 23:57:58.500,,TRUE,N
412,t,out,1824-09-30 23:58:04.500,,TRUE,N
412,S,c4,1824-09-30 23:59:15.500,,TRUE,N
422,S,in,1825-01-27 00:27:24.000,,FALSE,
422,t,in,1825-01-27 00:27:57.000,,FALSE,
422,t,out,1825-01-27 00:29:51.000,,FALSE,
422,S,out,1825-01-27 00:31:35.000,,FALSE,
423,S,in,1825-01-27 00:37:34.750,,FALSE,
423,t,in,1825-01-27 00:38:07.000,,FALSE,
423,t,out,1825-01-27 00:40:01.000,,FALSE,
423,S,out,1825-01-27 00:41:45.500,,FALSE,
424,S,in,1825-01-27 00:42:29.500,,FALSE,
424,t,in,1825-01-27 00:43:02.500,,FALSE,
424,t,out,1825-01-27 00:44:57.000,,FALSE,
424,S,out,1825-01-27 00:46:40.500,,FALSE,
432,S,in,1827-02-25 00:21:10.000,,FALSE,
432,t1,in,1827-02-25 00:22:14.500,,FALSE,
432,t2,in,1827-02-25 00:22:22.500,,FALSE,
432,t3,in,1827-02-25 00:22:54.000,,FALSE,
432,S,in,1827-02-25 00:23:22.500,,FALSE,
432,t2,out,1827-02-25 00:24:16.500,,FALSE,
432,t1,out,1827-02-25 00:24:23.500,,FALSE,
432,t3,out,1827-02-25 00:25:14.000,,FALSE,
432,S,out,1827-02-25 00:25:41.500,,FALSE,
435,S,in,1827-02-25 00:30:15.000,,FALSE,
435,t1,in,1827-02-25 00:31:19.000,,FALSE,
435,t2,in,1827-02-25 00:31:28.000,,FALSE,
435,t3,in,1827-02-25 00:31:59.000,,FALSE,
435,S,in,1827-02-25 00:32:26.000,,FALSE,
435,t2,out,1827-02-25 00:33:21.000,,FALSE,
435,t1,out,1827-02-25 00:33:25.500,,FALSE,
435,t3,out,1827-02-25 00:34:18.500,,FALSE,
435,S,out,1827-02-25 00:34:46.500,,FALSE,
436,S,in,1827-02-26 00:33:55.500,,FALSE,
436,t3,in,1827-02-26 00:35:33.000,,FALSE,
436,S,in,1827-02-26 00:35:47.000,,FALSE,
436,S,out,1827-02-26 00:36:28.000,,FALSE,
436,t3,out,1827-02-26 00:37:26.000,,FALSE,
436,S,out,1827-02-26 00:38:12.000,,FALSE,
437,S,in,1827-02-26 00:39:25.000,,FALSE,
437,t3,in,1827-02-26 00:41:03.000,,FALSE,
437,S,in,1827-02-26 00:41:13.000,,FALSE,
437,S,out,1827-02-26 00:41:54.000,,FALSE,
437,t3,out,1827-02-26 00:42:58.000,,FALSE,
437,S,out,1827-02-26 00:43:40.000,,FALSE,
438,S,in,1827-02-26 00:44:42.500,,FALSE,
438,t3,in,1827-02-26 00:46:20.000,,FALSE,
438,S,in,1827-02-26 00:46:29.500,,FALSE,
438,S,out,1827-02-26 00:47:12.000,,FALSE,
438,t3,out,1827-02-26 00:48:09.500,,FALSE,
438,S,out,1827-02-26 00:48:55.000,,FALSE,
439,S,in,1827-02-26 00:49:35.000,,FALSE,
439,t3,in,1827-02-26 00:51:12.000,,FALSE,
439,S,in,1827-02-26 00:51:20.500,,FALSE,
439,S,out,1827-02-26 00:52:03.000,,FALSE,
439,t3,out,1827-02-26 00:53:01.000,,FALSE,
439,S,out,1827-02-26 00:53:46.500,,FALSE,
440,S,in,1827-02-28 00:23:02.000,,FALSE,S
440,t3,in,1827-02-28 00:24:10.000,,FALSE,S
440,S,in,1827-02-28 00:24:50.000,,FALSE,S
440,t3,out,1827-02-28 00:26:09.250,,FALSE,S
440,S,out,1827-02-28 00:27:17.000,,FALSE,S
441,S,in,1827-02-28 00:28:29.500,,FALSE,S
441,t3,in,1827-02-28 00:29:36.500,,FALSE,S
441,S,out,1827-02-28 00:30:17.000,,FALSE,S
441,S,in,1827-02-28 00:30:57.000,,FALSE,S
441,t3,out,1827-02-28 00:31:33.000,,FALSE,S
441,S,out,1827-02-28 00:32:44.000,,FALSE,S
442,S,in,1827-02-28 00:34:06.750,,FALSE,S
442,t3,in,1827-02-28 00:35:15.000,,FALSE,S
442,S,out,1827-02-28 00:35:53.000,,FALSE,S
442,S,in,1827-02-28 00:36:34.500,,FALSE,S
442,t3,out,1827-02-28 00:37:15.500,,FALSE,S
442,S,out,1827-02-28 00:38:20.500,,FALSE,S
443,S,in,1827-02-28 00:39:21.750,,FALSE,S
443,t3,in,1827-02-28 00:40:29.500,,FALSE,S
443,S,out,1827-02-28 00:41:07.250,,FALSE,S
443,S,in,1827-02-28 00:41:49.000,,FALSE,S
443,t3,out,1827-02-28 00:42:26.000,,FALSE,S
443,S,out,1827-02-28 00:43:30.000,,FALSE,S
444,S,in,1827-02-28 00:44:24.500,,FALSE,S
444,t3,in,1827-02-28 00:45:31.500,,FALSE,S
444,S,out,1827-02-28 00:46:07.500,,FALSE,S
444,S,in,1827-02-28 00:46:52.250,,FALSE,S
444,t3,out,1827-02-28 00:47:27.000,,FALSE,S
444,S,out,1827-02-28 00:48:37.000,,FALSE,S
445,S,in,1827-02-28 00:49:22.000,,FALSE,S
445,t3,in,1827-02-28 00:50:29.000,,FALSE,S
445,S,out,1827-02-28 00:51:04.000,,FALSE,S
445,S,in,1827-02-28 00:51:50.000,,FALSE,S
445,t3,out,1827-02-28 00:52:23.000,,FALSE,S
445,S,out,1827-02-28 00:53:31.000,,FALSE,S
235,S,in,1827-03-06 00:17:10.500,,FALSE,S
235,t3,in,1827-03-06 00:18:31.000,,FALSE,S
235,S,in,1827-03-06 00:18:55.000,,FALSE,S
235,S,out,1827-03-06 00:19:37.000,,FALSE,S
235,S,out,1827-03-06 00:21:20.000,,FALSE,S
446,S,in,1827-03-06 00:22:08.000,,FALSE,S
446,t3,in,1827-03-06 00:23:29.000,,FALSE,S
446,S,in,1827-03-06 00:23:56.500,,FALSE,S
446,S,out,1827-03-06 00:24:24.000,1827-03-06 00:24:34.000,FALSE,S
446,t3,out,1827-03-06 00:24:47.500,,FALSE,S
446,S,out,1827-03-06 00:26:19.000,,FALSE,S
447,S,in,1827-03-06 00:27:38.500,,FALSE,S
447,t3,in,1827-03-06 00:29:01.000,,FALSE,S
447,S,in,1827-03-06 00:29:22.000,,FALSE,S
447,S,out,1827-03-06 00:30:06.000,,FALSE,S
447,t3,out,1827-03-06 00:30:18.000,,FALSE,S
447,S,out,1827-03-06 00:31:47.000,,FALSE,S
238,S,in,1827-03-06 00:34:34.500,,FALSE,S
238,t3,in,1827-03-06 00:35:57.000,,FALSE,S
238,S,in,1827-03-06 00:36:17.500,,FALSE,S
238,S,out,1827-03-06 00:38:42.000,,FALSE,S
467,S,in,1830-06-30 02:37:12.500,,FALSE,N
467,t,in,1830-06-30 02:38:14.000,,FALSE,N
467,t,out,1830-06-30 02:39:44.500,,FALSE,N
467,S,out,1830-06-30 02:41:03.500,,FALSE,N
468,S,in,1830-06-30 02:41:43.500,,FALSE,N
468,t,in,1830-06-30 02:42:41.500,,FALSE,N
468,t,out,1830-06-30 02:44:14.500,,FALSE,N
468,S,out,1830-06-30 02:45:33.500,,FALSE,N
469,S,in,1830-06-30 02:46:29.500,,FALSE,N
469,t,in,1830-06-30 02:47:30.500,,FALSE,N
469,t,out,1830-06-30 02:48:58.500,,FALSE,N
469,S,out,1830-06-30 02:50:17.000,,FALSE,N
470,S,in,1830-06-30 02:50:58.500,,FALSE,N
470,t,in,1830-06-30 02:51:57.500,,FALSE,N
470,t,out,1830-06-30 02:53:25.500,,FALSE,N
470,S,out,1830-06-30 02:54:45.000,,FALSE,N
471,S,in,1830-06-30 02:55:23.000,,FALSE,N
471,t,in,1830-06-30 02:56:24.500,,FALSE,N
471,t,out,1830-06-30 02:57:48.500,,FALSE,N
471,S,out,1830-06-30 02:58:07.500,1830-06-30 02:59:07.500,FALSE,N
472,S,in,1830-06-30 02:59:02.000,,FALSE,N
472,t,in,1830-06-30 03:00:04.000,,FALSE,N
472,t,out,1830-06-30 03:01:24.000,,FALSE,N
472,S,out,1830-06-30 03:02:43.500,,FALSE,N
473,S,in,1830-07-02 02:28:15.000,,FALSE,N
473,t,in,1830-07-02 02:28:49.000,,FALSE,N
473,t,out,1830-07-02 02:30:00.000,,FALSE,N
473,S,out,1830-07-02 02:31:46.000,,FALSE,N
474,S,in,1830-07-02 02:32:38.500,,FALSE,N
474,t,in,1830-07-02 02:33:11.000,,FALSE,N
474,t,out,1830-07-02 02:34:27.000,,FALSE,N
474,S,out,1830-07-02 02:36:12.500,,FALSE,N
475,S,in,1830-07-02 02:37:09.250,,FALSE,N
475,t,in,1830-07-02 02:37:43.000,,FALSE,N
475,S,c2,1830-07-02 02:38:21.000,,FALSE,N
475,t,out,1830-07-02 02:39:03.000,,FALSE,N
475,S,c3,1830-07-02 02:40:47.500,1830-07-02 02:39:47.500,FALSE,N
475,S,out,1830-07-02 02:40:51.000,,FALSE,N
476,S,in,1830-07-02 02:41:24.000,,FALSE,N
476,t,in,1830-07-02 02:41:59.500,,FALSE,N
476,S,c2,1830-07-02 02:42:39.000,,FALSE,N
476,t,out,1830-07-02 02:43:23.000,,FALSE,N
476,S,c3,1830-07-02 02:44:03.000,,FALSE,N
476,S,out,1830-07-02 02:45:10.000,,FALSE,N
477,S,in,1830-07-02 02:45:54.000,,FALSE,N
477,t,in,1830-07-02 02:46:28.000,,FALSE,N
477,S,c2,1830-07-02 02:47:13.000,,FALSE,N
477,t,out,1830-07-02 02:47:56.000,,FALSE,N
477,S,c3,1830-07-02 02:48:34.000,,FALSE,N
477,S,out,1830-07-02 02:49:42.000,,FALSE,N
478,S,in,1830-07-02 02:50:13.000,,FALSE,N
478,t,in,1830-07-02 02:50:48.000,,FALSE,N
478,S,c2,1830-07-02 02:51:29.000,,FALSE,N
478,t,out,1830-07-02 02:52:13.000,,FALSE,N
478,S,c3,1830-07-02 02:52:53.500,,FALSE,N
478,S,out,1830-07-02 02:54:00.500,,FALSE,N
479,S,in,1830-07-02 02:55:06.500,,FALSE,N
479,t,in,1830-07-02 02:55:41.000,,FALSE,N
479,S,c2,1830-07-02 02:56:27.000,,FALSE,N
479,t,out,1830-07-02 02:57:09.500,,FALSE,N
479,S,c3,1830-07-02 02:57:45.500,,FALSE,N
479,S,out,1830-07-02 02:58:57.000,,FALSE,N
484,S,in,1830-09-27 11:51:36.000,,TRUE,
484,t,in,1830-09-27 11:52:27.000,,TRUE,
484,S,c2,1830-09-27 11:52:57.000,,TRUE,
484,t,out,1830-09-27 11:53:53.000,,TRUE,
484,S,out,1830-09-27 11:55:21.000,,TRUE,
487,S,1_ext,1830-09-30 00:00:35.500,,FALSE,
487,t,in,1830-09-30 00:01:26.500,,FALSE,
487,S,1_int,1830-09-30 00:02:11.000,,FALSE,
487,t,out,1830-09-30 00:02:46.000,,FALSE,
487,S,2_int,1830-09-30 00:03:01.000,,FALSE,
487,S,2_ext,1830-09-30 00:04:35.500,,FALSE,
488,S,1_ext,1830-09-30 00:08:01.000,,FALSE,
488,t,in,1830-09-30 00:08:50.500,,FALSE,
488,S,1_int,1830-09-30 00:09:35.000,,FALSE,
488,t,out,1830-09-30 00:10:10.500,,FALSE,
488,S,2_int,1830-09-30 00:10:25.500,,FALSE,
488,S,2_ext,1830-09-30 00:12:00.000,,FALSE,
485,S,1_ext,1830-09-30 11:48:24.500,,TRUE,
485,t,in,1830-09-30 11:49:15.000,,TRUE,
485,S,1_int,1830-09-30 11:49:55.000,,TRUE,
485,t,out,1830-09-30 11:50:36.000,,TRUE,
485,S,2_int,1830-09-30 11:50:49.000,,TRUE,
485,S,2_ext,1830-09-30 11:52:19.000,,TRUE,
486,S,1_ext,1830-09-30 11:54:07.500,,TRUE,
486,t,in,1830-09-30 11:54:57.000,,TRUE,
486,S,1_int,1830-09-30 11:55:42.000,,TRUE,
486,t,out,1830-09-30 11:56:18.000,,TRUE,
486,S,2_int,1830-09-30 11:56:31.000,,TRUE,
486,S,2_ext,1830-09-30 11:58:07.500,,TRUE,
491,S,1_ext,1830-10-03 00:04:29.000,,FALSE,N
491,S,1_int,1830-10-03 00:06:02.000,,FALSE,N
491,t,in,1830-10-03 00:06:28.500,,FALSE,N
491,S,2_int,1830-10-03 00:06:54.000,,FALSE,N
491,t,out,1830-10-03 00:07:26.500,,FALSE,N
491,S,2_ext,1830-10-03 00:08:27.000,,FALSE,N
492,S,1_ext,1830-10-03 00:09:22.000,,FALSE,N
492,S,1_int,1830-10-03 00:10:54.500,,FALSE,N
492,t,in,1830-10-03 00:11:21.000,,FALSE,N
492,S,2_int,1830-10-03 00:11:47.500,,FALSE,N
492,t,out,1830-10-03 00:12:19.000,,FALSE,N
492,S,2_ext,1830-10-03 00:13:18.750,,FALSE,N
489,S,1_ext,1830-10-03 11:54:40.500,,TRUE,N
489,S,1_int,1830-10-03 11:56:14.500,,TRUE,N
489,t,in,1830-10-03 11:56:40.500,,TRUE,N
489,S,2_int,1830-10-03 11:57:06.500,,TRUE,N
489,t,out,1830-10-03 11:57:39.000,,TRUE,N
489,S,2_ext,1830-10-03 11:58:39.500,,TRUE,N
490,S,1_ext,1830-10-03 11:59:37.500,,TRUE,N
490,S,1_int,1830-10-03 00:01:10.000,1830-10-03 12:01:10.000,FALSE,N
490,t,in,1830-10-03 00:01:36.000,1830-10-03 12:01:36.000,FALSE,N
490,S,2_int,1830-10-03 00:02:01.000,1830-10-03 12:02:01.000,FALSE,N
490,t,out,1830-10-03 00:02:34.000,1830-10-03 12:02:34.000,FALSE,N
490,S,2_ext,1830-10-03 00:03:35.500,1830-10-03 12:03:35.500,FALSE,N
496,S,1_ext,1830-10-04 00:04:28.000,,FALSE,N
496,S,1_int,1830-10-04 00:06:04.500,,FALSE,N
496,t,in,1830-10-04 00:06:13.500,,FALSE,N
496,S,2_int,1830-10-04 00:06:52.500,,FALSE,N
496,t,out,1830-10-04 00:07:20.250,,FALSE,N
496,S,2_ext,1830-10-04 00:08:29.500,,FALSE,N
493,S,1_ext,1830-10-04 11:49:07.000,,TRUE,N
493,S,1_int,1830-10-04 11:50:45.000,,TRUE,N
493,t,in,1830-10-04 11:50:53.500,,TRUE,N
493,S,2_int,1830-10-04 11:51:32.000,,TRUE,N
493,t,out,1830-10-04 11:52:01.000,,TRUE,N
493,S,2_ext,1830-10-04 11:53:10.500,,TRUE,N
494,S,1_ext,1830-10-04 11:54:17.000,,TRUE,N
494,S,1_int,1830-10-04 11:55:54.000,,TRUE,N
494,t,in,1830-10-04 11:56:05.000,,TRUE,N
494,S,2_int,1830-10-04 11:56:41.250,,TRUE,N
494,t,out,1830-10-04 11:57:10.000,,TRUE,N
494,S,2_ext,1830-10-04 11:58:20.000,,TRUE,N
495,S,1_ext,1830-10-04 11:59:20.000,,TRUE,N
495,S,1_int,1830-10-04 00:00:56.000,1830-10-04 12:00:56.000,FALSE,N
495,t,in,1830-10-04 00:01:07.000,1830-10-04 12:01:07.000,FALSE,N
495,S,2_int,1830-10-04 00:01:45.000,1830-10-04 12:01:45.000,FALSE,N
495,t,out,1830-10-04 00:02:13.000,1830-10-04 12:02:13.000,FALSE,N
495,S,2_ext,1830-10-04 00:03:22.500,1830-10-04 12:03:22.500,FALSE,N
501,S,1_ext,1830-10-06 00:04:34.500,,FALSE,N
501,t,in,1830-10-06 00:05:48.500,,FALSE,N
501,S,1_int,1830-10-06 00:05:58.000,,FALSE,N
501,t,out,1830-10-06 00:06:54.500,,FALSE,N
501,S,2_int,1830-10-06 00:07:01.000,,FALSE,N
501,S,2_ext,1830-10-06 00:08:23.000,,FALSE,N
497,S,1_ext,1830-10-06 11:42:27.000,1830-10-06 11:43:27.000,TRUE,N
497,t,in,1830-10-06 11:44:40.000,,TRUE,N
497,S,1_int,1830-10-06 11:44:59.000,,TRUE,N
497,t,out,1830-10-06 11:45:52.000,,TRUE,N
497,S,2_int,1830-10-06 11:45:55.000,,TRUE,N
497,S,2_ext,1830-10-06 11:47:24.500,,TRUE,N
498,S,1_ext,1830-10-06 11:48:48.500,,TRUE,N
498,t,in,1830-10-06 11:50:02.500,,TRUE,N
498,S,1_int,1830-10-06 11:50:22.000,,TRUE,N
498,S,2_int,1830-10-06 11:51:13.000,,TRUE,N
498,t,out,1830-10-06 11:51:18.000,,TRUE,N
498,S,2_ext,1830-10-06 11:52:48.000,,TRUE,N
499,S,1_ext,1830-10-06 11:52:51.500,,TRUE,N
499,t,in,1830-10-06 11:54:05.500,,TRUE,N
499,S,1_int,1830-10-06 11:54:25.000,,TRUE,N
499,S,2_int,1830-10-06 11:55:16.000,,TRUE,N
499,t,out,1830-10-06 11:55:21.000,,TRUE,N
499,S,2_ext,1830-10-06 11:56:50.500,,TRUE,N
500,S,1_ext,1830-10-06 11:58:49.000,,TRUE,N
500,t,in,1830-10-06 00:00:02.500,1830-10-06 12:00:02.500,FALSE,N
500,S,1_int,1830-10-06 00:00:21.500,1830-10-06 12:00:21.500,FALSE,N
500,S,2_int,1830-10-06 00:01:14.000,1830-10-06 12:01:14.000,FALSE,N
500,t,out,1830-10-06 00:01:17.500,1830-10-06 12:01:17.500,FALSE,N
500,S,2_ext,1830-10-06 00:02:46.500,1830-10-06 12:02:46.500,FALSE,N
505,S,1_ext,1830-10-07 00:01:26.000,,FALSE,N
505,t,in,1830-10-07 00:02:23.000,,FALSE,N
505,S,1_int,1830-10-07 00:03:10.500,,FALSE,N
505,S,2_int,1830-10-07 00:03:53.500,,FALSE,N
505,t,out,1830-10-07 00:03:56.000,,FALSE,N
505,S,2_ext,1830-10-07 00:05:35.000,,FALSE,N
506,S,1_ext,1830-10-07 00:06:22.000,,FALSE,N
506,t,in,1830-10-07 00:07:19.500,,FALSE,N
506,S,1_int,1830-10-07 00:08:05.000,,FALSE,N
506,S,2_int,1830-10-07 00:08:47.500,,FALSE,N
506,t,out,1830-10-07 00:08:53.000,,FALSE,N
506,S,2_ext,1830-10-07 00:10:32.000,,FALSE,N
507,S,1_ext,1830-10-07 00:11:03.500,,FALSE,N
507,t,in,1830-10-07 00:12:03.000,,FALSE,N
507,S,1_int,1830-10-07 00:12:46.000,,FALSE,N
507,S,2_int,1830-10-07 00:13:29.500,,FALSE,N
507,t,out,1830-10-07 00:13:33.500,,FALSE,N
507,S,2_ext,1830-10-07 00:15:13.000,,FALSE,N
502,S,1_ext,1830-10-07 11:46:08.000,,TRUE,N
502,t,in,1830-10-07 11:47:07.000,,TRUE,N
502,S,1_int,1830-10-07 11:47:52.000,,TRUE,N
502,S,2_int,1830-10-07 11:48:34.000,,TRUE,N
502,t,out,1830-10-07 11:48:39.000,,TRUE,N
502,S,2_ext,1830-10-07 11:50:18.500,,TRUE,N
503,S,1_ext,1830-10-07 11:51:49.000,,TRUE,N
503,t,in,1830-10-07 11:52:45.750,,TRUE,N
503,S,1_int,1830-10-07 11:53:32.500,,TRUE,N
503,S,2_int,1830-10-07 11:54:14.000,,TRUE,N
503,t,out,1830-10-07 11:54:18.500,,TRUE,N
503,S,2_ext,1830-10-07 11:55:59.000,,TRUE,N
504,S,1_ext,1830-10-07 11:56:28.000,,TRUE,N
504,t,in,1830-10-07 11:57:25.000,,TRUE,N
504,S,1_int,1830-10-07 11:58:12.250,,TRUE,N
504,S,2_int,1830-10-07 11:58:53.250,,TRUE,N
504,t,out,1830-10-07 11:58:59.000,,TRUE,N
504,S,2_ext,1830-10-07 00:00:38.000,1830-10-07 12:00:38.000,FALSE,N
510,S,1_ext,1830-10-09 00:00:17.000,,FALSE,N
510,t,in,1830-10-09 00:00:45.000,,FALSE,N
510,S,1_int,1830-10-09 00:01:46.000,,FALSE,N
510,t,out,1830-10-09 00:02:17.000,,FALSE,N
510,S,2_int,1830-10-09 00:02:43.000,,FALSE,N
510,S,2_ext,1830-10-09 00:04:12.000,,FALSE,N
511,S,1_ext,1830-10-09 00:04:34.500,,FALSE,N
511,t,in,1830-10-09 00:05:02.000,,FALSE,N
511,S,1_int,1830-10-09 00:06:03.000,,FALSE,N
511,t,out,1830-10-09 00:06:34.000,,FALSE,N
511,S,2_int,1830-10-09 00:07:00.000,,FALSE,N
511,S,2_ext,1830-10-09 00:08:28.500,,FALSE,N
508,S,1_ext,1830-10-09 11:47:06.000,,TRUE,N
508,t,in,1830-10-09 11:47:33.000,,TRUE,N
508,S,1_int,1830-10-09 11:48:35.000,,TRUE,N
508,t,out,1830-10-09 11:49:06.500,,TRUE,N
508,S,2_int,1830-10-09 11:49:31.000,,TRUE,N
508,S,2_ext,1830-10-09 11:51:01.000,,TRUE,N
509,S,1_ext,1830-10-09 11:51:31.500,,TRUE,N
509,t,in,1830-10-09 11:51:59.000,,TRUE,N
509,S,1_int,1830-10-09 11:53:01.000,,TRUE,N
509,t,out,1830-10-09 11:53:31.000,,TRUE,N
509,S,2_int,1830-10-09 11:53:57.000,,TRUE,N
509,S,2_ext,1830-10-09 11:55:26.000,,TRUE,N
512,S,1_ext,1830-10-10 11:45:57.000,,TRUE,N
512,t,in,1830-10-10 11:46:13.000,,TRUE,N
512,S,1_int,1830-10-10 11:47:45.000,,TRUE,N
512,t,out,1830-10-10 11:48:09.500,,TRUE,N
512,S,2_int,1830-10-10 11:48:21.500,,TRUE,N
512,S,2_ext,1830-10-10 11:50:11.000,,TRUE,N
513,S,1_ext,1830-10-10 11:50:39.500,,TRUE,N
513,t,in,1830-10-10 11:50:56.000,,TRUE,N
513,S,1_int,1830-10-10 11:52:27.000,,TRUE,N
513,t,out,1830-10-10 11:52:51.500,,TRUE,N
513,S,2_int,1830-10-10 11:53:05.000,,TRUE,N
513,S,2_ext,1830-10-10 11:54:53.000,,TRUE,N
514,S,1_ext,1830-10-10 11:55:20.500,,TRUE,N
514,t,in,1830-10-10 11:55:37.000,,TRUE,N
514,S,1_int,1830-10-10 11:57:08.000,,TRUE,N
514,t,out,1830-10-10 11:57:32.250,,TRUE,N
514,S,2_int,1830-10-10 11:57:46.000,,TRUE,N
514,S,2_ext,1830-10-10 11:59:34.250,,TRUE,N
515,S,1_ext,1830-10-10 11:59:58.500,,TRUE,N
515,t,in,1830-10-10 00:00:15.000,1830-10-10 12:00:15.000,FALSE,N
515,S,1_int,1830-10-10 00:01:45.000,1830-10-10 12:01:45.000,FALSE,N
515,t,out,1830-10-10 00:02:10.500,1830-10-10 12:02:10.500,FALSE,N
515,S,2_int,1830-10-10 00:02:24.000,1830-10-10 12:02:24.000,FALSE,N
515,S,2_ext,1830-10-10 00:04:11.500,1830-10-10 12:04:11.500,FALSE,N
520,S,1_ext,1830-10-11 00:02:10.000,,FALSE,N
520,t,in,1830-10-11 00:02:18.000,,FALSE,N
520,S,1_int,1830-10-11 00:03:46.000,,FALSE,N
520,t,out,1830-10-11 00:04:08.000,,FALSE,N
520,S,2_int,1830-10-11 00:04:36.000,,FALSE,N
520,S,2_ext,1830-10-11 00:06:13.500,,FALSE,N
521,S,1_ext,1830-10-11 00:06:36.500,,FALSE,N
521,t,in,1830-10-11 00:06:42.000,,FALSE,N
521,S,1_int,1830-10-11 00:08:12.000,,FALSE,N
521,t,out,1830-10-11 00:08:33.000,,FALSE,N
521,S,2_int,1830-10-11 00:09:02.000,,FALSE,N
521,S,2_ext,1830-10-11 00:10:38.500,,FALSE,N
516,S,1_ext,1830-10-11 11:44:02.500,,TRUE,N
516,t,in,1830-10-11 11:44:10.000,,TRUE,N
516,S,1_int,1830-10-11 11:45:40.000,,TRUE,N
516,t,out,1830-10-11 11:46:00.000,,TRUE,N
516,S,2_int,1830-10-11 11:46:27.000,,TRUE,N
516,S,2_ext,1830-10-11 11:48:06.500,,TRUE,N
517,S,1_ext,1830-10-11 11:48:35.500,,TRUE,N
517,t,in,1830-10-11 11:48:43.000,,TRUE,N
517,S,1_int,1830-10-11 11:50:12.250,,TRUE,N
517,t,out,1830-10-11 11:50:33.500,,TRUE,N
517,S,2_int,1830-10-11 11:51:01.000,,TRUE,N
517,S,2_ext,1830-10-11 11:52:38.500,,TRUE,N
518,S,1_ext,1830-10-11 11:53:08.000,,TRUE,N
518,t,in,1830-10-11 11:53:16.000,,TRUE,N
518,S,1_int,1830-10-11 11:54:45.250,,TRUE,N
518,t,out,1830-10-11 11:55:07.000,,TRUE,N
518,S,2_int,1830-10-11 11:55:34.000,,TRUE,N
518,S,2_ext,1830-10-11 11:57:12.000,,TRUE,N
519,S,1_ext,1830-10-11 11:57:37.500,,TRUE,N
519,t,in,1830-10-11 11:57:46.000,,TRUE,N
519,S,1_int,1830-10-11 11:59:14.500,,TRUE,N
519,t,out,1830-10-11 11:59:35.500,,TRUE,N
519,S,2_int,1830-10-11 00:00:02.500,1830-10-11 12:00:02.500,FALSE,N
519,S,2_ext,1830-10-11 00:01:40.500,1830-10-11 12:01:40.500,FALSE,N
525,S,1_ext,1830-10-13 00:03:51.000,,FALSE,
525,S,1_int,1830-10-13 00:05:20.000,,FALSE,
525,t,in,1830-10-13 00:05:58.000,,FALSE,
525,S,2_int,1830-10-13 00:06:17.000,,FALSE,
525,t,out,1830-10-13 00:07:19.000,,FALSE,
525,S,2_ext,1830-10-13 00:07:46.000,,FALSE,
522,S,1_ext,1830-10-13 11:49:17.500,,TRUE,
522,S,1_int,1830-10-13 11:50:48.000,,TRUE,
522,t,in,1830-10-13 11:51:25.000,,TRUE,
522,S,2_int,1830-10-13 11:51:44.000,,TRUE,
522,t,out,1830-10-13 11:52:47.500,,TRUE,
522,S,2_ext,1830-10-13 11:53:15.000,,TRUE,
523,S,1_ext,1830-10-13 11:53:49.500,,TRUE,
523,S,1_int,1830-10-13 11:55:18.500,,TRUE,
523,t,in,1830-10-13 11:56:55.000,1830-10-13 11:55:55.000,TRUE,
523,S,2_int,1830-10-13 11:57:51.000,1830-10-13 11:56:15.000,TRUE,
523,t,out,1830-10-13 11:58:18.000,1830-10-13 11:57:18.000,TRUE,
523,S,2_ext,1830-10-13 11:58:45.500,1830-10-13 11:57:45.500,TRUE,
524,S,1_ext,1830-10-13 11:59:21.500,,TRUE,
524,S,1_int,1830-10-13 00:00:51.500,1830-10-13 12:00:51.500,FALSE,
524,t,in,1830-10-13 00:01:28.000,1830-10-13 12:01:28.000,FALSE,
524,S,2_int,1830-10-13 00:01:48.000,1830-10-13 12:01:48.000,FALSE,
524,t,out,1830-10-13 00:02:50.000,1830-10-13 12:02:50.000,FALSE,
524,S,2_ext,1830-10-13 00:03:17.500,1830-10-13 12:03:17.500,FALSE,
