obs_id,recorded_time,modified_time,object,event
525,1795-03-07 12:36:11.000,1795-03-08 12:36:11.000,S,m
525,1795-03-07 12:36:41.000,1795-03-08 12:36:41.000,t,m
525,1795-03-07 12:38:20.000,1795-03-08 12:38:20.000,S,m
526,1798-12-22 11:43:11.500,,S,m
526,1798-12-22 11:43:51.000,,t,m
526,1798-12-22 11:45:35.500,,S,m
527,1799-02-21 00:06:14.000,,S,m
527,1799-02-21 00:08:06.500,,t_1,m
527,1799-02-21 00:08:15.000,,t_2,m
527,1799-02-21 00:08:27.500,,S,m
528,1799-02-22 00:06:04.500,,S,m
528,1799-02-22 00:07:46.000,,t_1,m
528,1799-02-22 00:07:55.000,,t_2,m
528,1799-02-22 00:08:17.500,,S,m
529,1799-02-23 00:05:55.500,,S,m
529,1799-02-23 00:07:22.000,,t_1,m
529,1799-02-23 00:07:35.000,,t_2,m
529,1799-02-23 00:08:08.500,,S,m
530,1799-02-25 00:05:34.000,,S,m
530,1799-02-25 00:06:34.500,,t_1,m
530,1799-02-25 00:06:47.000,,t_2,m
530,1799-02-25 00:07:46.500,,S,m
531,1799-02-26 00:05:21.750,,S,m
531,1799-02-26 00:06:08.000,,t_1,m
531,1799-02-26 00:06:21.000,,t_2,m
531,1799-02-26 00:07:34.000,,S,m
532,1799-02-27 00:05:08.500,,S,m
532,1799-02-27 00:05:42.000,,t_1,m
532,1799-02-27 00:05:54.000,,t_2,m
532,1799-02-27 00:07:20.500,,S,m
533,1799-02-28 00:04:55.000,,S,m
533,1799-02-28 00:05:16.500,,t_1,m
533,1799-02-28 00:05:27.000,,t_2,m
533,1799-02-28 00:07:07.500,,S,m
534,1799-03-04 00:03:56.500,,S,m
534,1799-03-04 00:05:50.000,,t_1,m
534,1799-03-04 00:05:56.000,,t_2,m
534,1799-03-04 00:06:08.000,,S,m
535,1799-03-05 00:03:41.500,,S,m
535,1799-03-05 00:05:25.000,,t_1,m
535,1799-03-05 00:05:32.000,,t_2,m
535,1799-03-05 00:05:52.500,,S,m
536,1799-03-07 00:03:11.000,,S,m
536,1799-03-07 00:04:30.000,,t_1,m
536,1799-03-07 00:04:40.000,,t_2,m
536,1799-03-07 00:05:21.500,,S,m
537,1799-03-08 00:02:55.500,,S,m
537,1799-03-08 00:04:02.000,,t_1,m
537,1799-03-08 00:04:13.000,,t_2,m
537,1799-03-08 00:05:07.000,,S,m
538,1799-03-05 00:02:39.500,,S,m
538,1799-03-05 00:03:34.000,,t_1,m
538,1799-03-05 00:04:50.000,,S,m
539,1800-12-03 11:45:22.250,,S,m
539,1800-12-03 11:46:39.000,,t_1,m
539,1800-12-03 11:47:21.000,,t_2,m
539,1800-12-03 11:47:40.000,,t_3,m
539,1800-12-03 11:47:45.000,,S,m
540,1800-12-04 11:45:46.750,,S,m
540,1800-12-04 11:46:49.000,,t_1,m
540,1800-12-04 11:47:33.000,,t_2,m
540,1800-12-04 11:48:00.000,,t_3,m
540,1800-12-04 11:48:05.000,,t_4,m
540,1800-12-04 11:48:09.500,,S,m
541,1800-12-07 11:46:59.500,,S,m
541,1800-12-07 11:47:24.000,,t_1,m
541,1800-12-07 11:47:59.000,,t_2,m
541,1800-12-07 11:48:46.000,,t_3,m
541,1800-12-07 11:48:55.000,,t_4,m
541,1800-12-07 11:49:23.000,,S,m
542,1800-12-08 11:47:25.250,,S,m
542,1800-12-08 11:48:09.000,,t_2,m
542,1800-12-08 11:48:58.000,,t_3,m
542,1800-12-08 11:49:09.000,,t_4,m
542,1800-12-08 11:49:48.000,,S,m
543,1801-01-24 00:11:08.000,,S,m
543,1801-01-24 00:11:41.000,,t_1,m
543,1801-01-24 00:11:51.000,,t_2,m
543,1801-01-24 00:13:27.500,,S,m
544,1801-01-25 00:11:22.500,,S,m
544,1801-01-25 00:11:45.000,,t_1,m
544,1801-01-25 00:11:54.000,,t_2,m
544,1801-01-25 00:13:42.000,,S,m
545,1801-09-26 11:51:39.500,,S,m
545,1801-09-26 11:52:16.000,,t,m
545,1801-09-26 11:53:48.000,,S,m
546,1801-09-27 11:51:21.000,,S,m
546,1801-09-27 11:51:51.000,,t,m
546,1801-09-27 11:53:30.000,,S,m
547,1801-09-28 11:51:01.000,,S,m
547,1801-09-28 11:51:27.000,,t,m
547,1801-09-28 11:53:12.000,,S,m
548,1801-10-14 11:46:55.250,,S,m
548,1801-10-14 11:48:24.000,,t,m
548,1801-10-14 11:49:06.500,,S,m
549,1801-10-15 11:46:46.500,,S,m
549,1801-10-15 11:48:03.000,,t,m
549,1801-10-15 11:48:57.750,,S,m
550,1801-10-17 11:46:25.500,,S,m
550,1801-10-17 11:48:22.000,,t,m
550,1801-10-17 11:48:37.500,,S,m
551,1801-10-18 11:46:18.000,,S,m
551,1801-10-18 11:48:06.500,,t,m
551,1801-10-18 11:49:30.000,1801-10-18 11:48:30.000,S,m
552,1801-10-19 11:46:09.500,,S,m
552,1801-10-19 11:47:47.500,,t,m
552,1801-10-19 11:48:22.500,,S,m
553,1801-10-20 11:46:03.500,,S,m
553,1801-10-20 11:47:30.500,,t,m
553,1801-10-20 11:48:16.500,,S,m
554,1801-11-16 11:47:51.750,,S,m
554,1801-11-16 11:49:16.000,,t_1,m
554,1801-11-16 11:49:38.500,,t_2,m
554,1801-11-16 11:50:11.000,,S,m
555,1801-11-16 11:48:07.000,,S,m
555,1801-11-16 11:49:18.000,,t_1,m
555,1801-11-16 11:49:42.000,,t_2,m
555,1801-11-16 11:50:26.000,,S,m
556,1801-11-20 11:49:01.000,,S,m
556,1801-11-20 11:49:34.000,,t_1,m
556,1801-11-20 11:49:58.000,,t_2,m
556,1801-11-20 11:51:21.000,,S,m
557,1801-12-03 11:44:53.000,,S,m
557,1801-12-03 11:46:07.000,,t,m
557,1801-12-03 11:47:16.000,,S,m
558,1801-12-10 11:47:47.000,,S,m
558,1801-12-10 11:49:51.500,,t,m
558,1801-12-10 11:50:10.000,,S,m
559,1801-12-10 11:48:14.000,,S,m
559,1801-12-10 11:50:07.000,,t_1,m
559,1801-12-10 11:50:13.000,,t_2,m
559,1801-12-10 11:50:37.000,,S,m
560,1801-12-15 11:50:05.500,,S,m
560,1801-12-15 11:50:58.000,,t_1,m
560,1801-12-15 11:51:12.250,,t_2,m
560,1801-12-15 11:52:29.500,,S,m
561,1801-12-16 11:50:34.250,,S,m
561,1801-12-16 11:51:12.500,,t_1,m
561,1801-12-16 11:51:26.000,,t_2,m
561,1801-12-16 11:52:58.000,,S,m
562,1801-12-31 11:58:21.000,,S,m
562,1801-12-31 11:59:07.000,,t_1,m
562,1801-12-31 11:59:19.000,,t_2,m
562,1801-12-31 00:00:00.000,1801-12-31 12:00:00.000,t_3,m
562,1801-12-31 00:00:44.500,1801-12-31 12:00:44.500,S,m
563,1802-01-03 11:59:52.000,,S,m
563,1802-01-03 00:00:45.000,1802-01-03 12:00:45.000,t,m
563,1802-01-03 00:02:15.000,1802-01-03 12:02:15.000,S,m
564,1802-01-13 00:02:10.000,,S,m
564,1802-01-13 00:03:01.000,,t,m
564,1802-01-13 00:04:33.000,,S,m
565,1802-02-10 00:09:30.000,,S,m
565,1802-02-10 00:11:01.000,,t,m
565,1802-02-10 00:11:46.000,,S,m
566,1802-02-17 00:09:40.250,,S,m
566,1802-02-17 00:10:25.000,,t,m
566,1802-02-17 00:11:54.000,,S,m
567,1802-02-19 00:09:36.250,,S,m
567,1802-02-19 00:09:57.000,,t,m
567,1802-02-19 00:11:50.000,,S,m
568,1802-02-24 00:09:03.000,,S,m
568,1802-02-24 00:11:06.000,,t,m
568,1802-02-24 00:11:15.500,,S,m
569,1802-02-27 00:08:32.500,,S,m
569,1802-02-27 00:10:04.000,,t,m
569,1802-02-27 00:10:44.750,,S,m
570,1802-02-28 00:08:22.000,,S,m
570,1802-02-28 00:08:50.000,,t_1,m
570,1802-02-28 00:09:41.000,,t_2,m
570,1802-02-28 00:10:34.500,,S,m
571,1802-03-03 00:07:45.500,,S,m
571,1802-03-03 00:08:25.000,,t,m
571,1802-03-03 00:09:57.000,,S,m
572,1802-10-03 11:50:09.500,,S,m
572,1802-10-03 11:51:55.000,,t,m
572,1802-10-03 11:52:19.250,,S,m
573,1802-10-04 11:49:45.000,,S,m
573,1802-10-04 11:51:22.000,,t,m
573,1802-10-04 11:52:55.000,1802-10-04 11:51:55.000,S,m
574,1802-10-07 11:48:33.500,,S,m
574,1802-10-07 11:49:34.000,,t,m
574,1802-10-07 11:50:43.500,,S,m
575,1802-10-11 11:47:04.500,,S,m
575,1802-10-11 11:47:20.000,,t,m
575,1802-10-11 11:49:15.500,,S,m
576,1805-03-14 00:10:49.500,,S,m
576,1805-03-14 00:12:00.000,,t,m
576,1805-03-14 00:13:00.000,,S,m
577,1805-03-16 00:10:21.000,,S,m
577,1805-03-16 00:11:05.000,,t,m
577,1805-03-16 00:12:31.500,,S,m
578,1805-03-19 00:09:35.250,,S,m
578,1805-03-19 00:09:47.000,,t,m
578,1805-03-19 00:11:45.500,,S,m
579,1805-03-19 00:09:00.750,,S,m
579,1805-03-19 00:09:05.000,,t,m
579,1805-03-19 00:11:11.000,,S,m
580,1805-04-08 00:05:48.500,,S,m
580,1805-04-08 00:07:25.000,,t,m
580,1805-04-08 00:07:59.250,,S,m
581,1805-04-11 11:56:50.000,,S,m
581,1805-04-11 11:57:52.500,,t,m
581,1805-04-11 11:59:00.500,,S,m
582,1805-04-11 00:00:35.500,,S,m
582,1805-04-11 00:01:37.250,,t,m
582,1805-04-11 00:02:46.000,,S,m
583,1805-04-11 00:06:29.000,,S,m
583,1805-04-11 00:07:30.000,,t,m
583,1805-04-11 00:08:39.330,,S,m
584,1805-04-11 00:09:42.500,,S,m
584,1805-04-11 00:10:43.750,,t,m
584,1805-04-11 00:11:54.250,,S,m
585,1807-02-09 00:16:53.500,,S,m
585,1807-02-09 00:18:39.000,,t,m
585,1807-02-09 00:19:11.000,,S,m
586,1808-11-19 11:45:07.000,,S,m
586,1808-11-19 11:46:03.000,,t,m
586,1808-11-19 11:47:23.500,,S,m
587,1808-11-20 11:45:25.000,,S,m
587,1808-11-20 11:46:07.000,,t,m
587,1808-11-20 11:47:41.250,,S,m
588,1808-12-04 11:50:44.000,,S,m
588,1808-12-04 11:52:28.000,,t_1,m
588,1808-12-04 11:52:32.000,,t_2,m
588,1808-12-04 11:52:37.000,,t_3,m
588,1808-12-04 11:53:06.000,,S,m
589,1808-02-26 00:12:24.000,,S,m
589,1808-02-26 00:12:32.000,,t,m
589,1808-02-26 00:14:36.000,,S,m
590,1811-07-25 08:16:15.500,,S,m
590,1811-07-25 08:17:47.000,,t,m
590,1811-07-25 08:18:31.000,,S,m
591,1811-07-28 08:27:51.250,,S,m
591,1811-07-28 08:28:45.000,,t,m
591,1811-07-28 08:30:06.750,,S,m
592,1811-10-10 12:58:06.000,,S,m
592,1811-10-10 13:00:10.000,,t,m
592,1811-10-10 13:00:17.000,,S,m
593,1811-10-12 13:05:25.250,,S,m
593,1811-10-12 13:07:14.000,,t,m
593,1811-10-12 13:07:36.250,,S,m
594,1811-10-13 13:09:05.750,,S,m
594,1811-10-13 13:10:44.000,,t,m
594,1811-10-13 13:11:17.000,,S,m
595,1811-10-14 03:12:45.250,,S,m
595,1811-10-14 03:14:13.000,,t,m
595,1811-10-14 03:14:56.500,,S,m
596,1812-01-06 19:04:24.500,,S,m
596,1812-01-06 19:06:10.000,,t,m
596,1812-01-06 19:06:49.000,,S,m
597,1812-01-11 19:26:26.750,,S,m
597,1812-01-11 19:27:02.000,,t,m
597,1812-01-11 19:28:49.250,,S,m
598,1812-01-25 20:25:57.250,,S,m
598,1812-01-25 20:27:43.000,,t,m
598,1812-01-25 20:28:16.500,,S,m
599,1812-01-26 20:30:06.500,,S,m
599,1812-01-26 20:31:39.000,,t,m
599,1812-01-26 20:32:25.250,,S,m
600,1812-01-27 20:34:12.750,,S,m
600,1812-01-27 20:35:32.000,,t,m
600,1812-01-27 20:36:32.250,,S,m
601,1812-01-26 20:42:28.250,,S,m
601,1812-01-26 20:43:20.500,,t_1,m
601,1812-01-26 20:43:24.000,,t_2,m
601,1812-01-26 20:44:47.250,,S,m
602,1812-08-02 08:52:07.750,,S,m
602,1812-08-02 08:54:17.000,,t,m
602,1812-08-02 08:54:22.000,,S,m
603,1812-08-03 08:55:59.125,,S,m
603,1812-08-03 08:58:02.000,,t_A,m
603,1812-08-03 08:58:13.500,,S,m
604,1812-08-05 09:03:36.750,,S,m
604,1812-08-05 09:05:19.000,,t_A,m
604,1812-08-05 09:05:41.000,,t_B,m
604,1812-08-05 09:05:51.500,,S,m
605,1812-08-06 09:07:26.000,,S,m
605,1812-08-06 09:08:34.000,,t_A,m
605,1812-08-06 09:09:22.000,,t_B,m
605,1812-08-06 09:09:39.500,,S,m
606,1812-08-09 09:18:51.750,,S,m
606,1812-08-09 09:19:36.000,,t_A,m
606,1812-08-09 09:21:04.250,,S,m
607,1812-08-12 09:30:11.250,,S,m
607,1812-08-12 09:30:25.000,,t_A,m
607,1812-08-12 09:32:24.000,,S,m
608,1812-08-13 09:33:55.500,,S,m
608,1812-08-13 09:35:03.000,,t_C,m
608,1812-08-13 09:36:08.250,,S,m
609,1812-08-15 09:41:23.750,,S,m
609,1812-08-15 09:42:03.000,,t_C,m
609,1812-08-15 09:43:36.000,,S,m
610,1812-08-16 09:45:08.000,,S,m
610,1812-08-16 09:45:37.000,,t_C,m
610,1812-08-16 09:47:20.000,,S,m
611,1812-08-17 09:48:49.000,,S,m
611,1812-08-17 09:49:09.250,,t_C,m
611,1812-08-17 09:51:02.000,,S,m
612,1812-09-07 11:04:56.250,,S,m
612,1812-09-07 11:06:33.000,,t,m
612,1812-09-07 11:07:06.250,,S,m
613,1812-09-09 11:12:07.000,,S,m
613,1812-09-09 11:13:18.000,,t,m
613,1812-09-09 11:14:17.000,,S,m
614,1812-09-10 11:15:42.250,,S,m
614,1812-09-10 11:16:41.000,,t,m
614,1812-09-10 11:17:51.500,,S,m
615,1812-10-31 14:19:21.250,,S,m
615,1812-10-31 14:21:27.000,,t,m
615,1812-10-31 14:21:37.000,,S,m
616,1812-11-01 14:23:17.500,,S,m
616,1812-11-01 14:25:01.000,,t_m,m
616,1812-11-01 14:25:15.000,,t_s,m
616,1812-11-01 14:25:33.000,,S,m
617,1812-11-02 14:27:14.250,,S,m
617,1812-11-02 14:28:45.000,,t_m,m
617,1812-11-02 14:29:02.000,,t_s,m
617,1812-11-02 14:29:30.000,,S,m
618,1812-12-25 18:12:47.250,,S,m
618,1812-12-25 18:13:31.000,,t,m
618,1812-12-25 18:15:11.750,,S,m
619,1813-02-03 21:03:00.000,,S,m
619,1813-02-03 21:04:52.000,,t,m
619,1813-02-03 21:05:18.000,,S,m
620,1813-02-04 21:09:13.500,,S,m
620,1813-02-04 21:10:53.000,,t,m
620,1813-02-04 21:11:30.000,,S,m
621,1813-02-06 21:17:13.250,,S,m
621,1813-02-06 21:18:24.750,,t,m
621,1813-02-06 21:19:30.250,,S,m
622,1813-02-08 21:25:17.500,,S,m
622,1813-02-08 21:25:57.000,,t_1,m
622,1813-02-08 21:25:59.000,,t_2,m
622,1813-02-08 21:27:33.250,,S,m
623,1813-04-04 00:53:32.000,,S,m
623,1813-04-04 00:55:10.500,,t,m
623,1813-04-04 00:55:43.000,,S,m
624,1813-04-09 01:12:02.000,,S,m
624,1813-04-09 01:13:51.000,1813-04-09 01:12:51.000,t,m
624,1813-04-09 01:14:12.250,,S,m
625,1813-04-10 01:15:43.750,,S,m
625,1813-04-10 01:16:21.500,,t_a,m
625,1813-04-10 01:16:56.000,,t_b,m
625,1813-04-10 01:17:01.000,,t_c,m
625,1813-04-10 01:17:54.250,,S,m
626,1813-04-11 01:19:24.000,,S,m
626,1813-04-11 01:19:50.500,,t_a,m
626,1813-04-11 01:20:22.000,,t_b,m
626,1813-04-11 01:21:31.000,,t_c,m
626,1813-04-11 01:21:34.250,,S,m
627,1813-04-12 01:23:05.250,,S,m
627,1813-04-12 01:23:23.000,,t_a,m
627,1813-04-12 01:23:52.000,,t_b,m
627,1813-04-12 01:23:59.000,,t_c,m
627,1813-04-12 01:25:15.500,,S,m
628,1813-04-14 01:29:25.500,,S,m
628,1813-04-14 01:29:50.000,,t_b,m
628,1813-04-14 01:31:36.250,,S,m
629,1813-05-16 03:31:54.500,,S,m
629,1813-05-16 03:32:26.000,,t,m
629,1813-05-16 03:34:09.500,,S,m
630,1813-06-23 06:08:25.250,,S,m
630,1813-06-23 06:10:03.000,,t_1,m
630,1813-06-23 06:10:07.000,,t_2,m
630,1813-06-23 06:10:11.000,,t_3,m
630,1813-06-23 06:10:44.500,,S,m
631,1813-06-24 06:12:35.000,,S,m
631,1813-06-24 06:14:10.000,,t_3,m
631,1813-06-24 06:14:53.500,,S,m
632,1813-06-26 06:20:54.000,,S,m
632,1813-06-26 06:21:51.250,,t_1,m
632,1813-06-26 06:23:13.000,,S,m
633,1813-06-27 06:25:02.000,,S,m
633,1813-06-27 06:25:47.000,,t_1,m
633,1813-06-27 06:27:21.500,,S,m
634,1813-06-28 06:29:11.250,,S,m
634,1813-06-28 06:29:42.250,,t_1,m
634,1813-06-28 06:31:30.000,,S,m
635,1813-07-01 06:41:36.000,,S,m
635,1813-07-01 06:41:44.000,,t_1,m
635,1813-07-01 06:43:55.000,,S,m
636,1813-07-05 06:58:11.250,,S,m
636,1813-07-05 06:59:09.000,,t_B,m
636,1813-07-05 06:59:39.000,,t_A,m
636,1813-07-05 07:00:29.250,,S,m
637,1813-07-29 08:35:09.500,,S,m
637,1813-07-29 08:36:38.000,,t_1,m
637,1813-07-29 08:36:40.000,,t_2,m
637,1813-07-29 08:37:25.000,,S,m
638,1813-08-02 08:50:40.250,,S,m
638,1813-08-02 08:51:14.000,,t,m
638,1813-08-02 08:52:55.000,,S,m
639,1813-08-04 08:58:20.500,,S,m
639,1813-08-04 08:58:37.000,,t,m
639,1813-08-04 08:00:35.250,1813-08-04 09:00:35.250,S,m
640,1813-08-25 10:17:04.250,,S,m
640,1813-08-25 10:18:50.000,,t,m
640,1813-08-25 10:19:15.500,,S,m
641,1813-08-26 10:20:46.000,,S,m
641,1813-08-26 10:21:18.000,,t,m
641,1813-08-26 10:22:57.000,,S,m
642,1813-08-27 10:28:05.500,,S,m
642,1813-08-27 10:29:05.000,,t,m
642,1813-08-27 10:30:17.000,,S,m
643,1813-08-29 10:35:44.500,,S,m
643,1813-08-29 10:36:31.500,,t_1,m
643,1813-08-29 10:37:25.000,,t_2,m
643,1813-08-29 10:37:55.000,,S,m
644,1813-09-02 10:46:15.750,,S,m
644,1813-09-02 10:47:01.000,,t,m
644,1813-09-02 10:48:25.250,,S,m
645,1813-09-27 12:16:27.250,,S,m
645,1813-09-27 12:16:39.000,,t_1,m
645,1813-09-27 12:17:37.000,,t_2,m
645,1813-09-27 12:18:36.000,,S,m
646,1813-10-04 12:41:51.000,,S,m
646,1813-10-04 12:42:55.000,,t1,m
646,1813-10-04 12:42:59.000,,t2,m
646,1813-10-04 12:44:01.000,,S,m
647,1813-10-06 12:49:08.000,,S,m
647,1813-10-06 12:49:51.000,,t,m
647,1813-10-06 23:51:18.250,1813-10-06 12:51:18.250,S,m
648,1813-10-09 13:00:06.000,,S,m
648,1813-10-09 13:00:20.000,,t_A,m
648,1813-10-09 13:00:23.000,,t_A2,m
648,1813-10-09 13:00:31.000,,t_B,m
649,1813-10-10 13:03:45.000,,S,m
649,1813-10-10 13:04:01.000,,t_B,m
649,1813-10-10 13:05:55.500,,S,m
650,1813-10-18 13:33:31.000,,S,m
650,1813-10-18 13:35:29.000,,t,m
650,1813-10-18 13:35:43.000,,S,m
651,1813-10-23 13:52:23.000,,S,m
651,1813-10-23 13:53:53.000,,t,m
651,1813-10-23 13:54:37.000,,S,m
652,1813-10-24 13:56:12.000,,S,m
652,1813-10-24 13:57:00.000,,t_1,m
652,1813-10-24 13:57:28.000,,t_2,m
652,1813-10-24 13:57:36.000,,t_3,m
652,1813-10-24 13:58:25.000,,S,m
653,1813-10-30 14:14:26.000,,S,m
653,1813-10-30 14:15:46.000,,t,m
653,1813-10-30 14:16:41.000,,S,m
654,1813-11-03 14:30:07.000,,S,m
654,1813-11-03 14:30:36.000,,t,m
654,1813-11-03 14:32:22.250,,S,m
655,1813-11-06 14:42:12.250,,S,m
655,1813-11-06 14:43:03.000,,t,m
655,1813-11-06 14:44:28.500,,S,m
656,1813-11-07 14:46:16.000,,S,m
656,1813-11-07 14:46:53.000,,t,m
656,1813-11-07 14:48:32.500,,S,m
657,1813-11-08 14:50:21.250,,S,m
657,1813-11-08 14:50:48.500,,t_1,m
657,1813-11-08 14:52:14.000,,t_2,m
657,1813-11-08 14:52:38.000,,S,m
658,1813-11-16 15:23:24.250,,S,m
658,1813-11-16 15:27:07.000,1813-11-16 15:24:07.000,t,m
658,1813-11-16 15:25:43.250,,S,m
659,1813-11-20 15:40:25.250,,S,m
659,1813-11-20 15:41:16.000,,t,m
659,1813-11-20 15:42:45.000,,S,m
660,1813-12-11 17:12:35.250,,S,m
660,1813-12-11 17:14:40.000,,t_1,m
660,1813-12-11 17:14:59.250,,t_2,m
661,1813-12-12 17:17:06.500,,S,m
661,1813-12-12 17:19:18.250,,t,m
661,1813-12-12 17:19:30.500,,S,m
662,1813-12-18 17:44:15.250,,S,m
662,1813-12-18 17:45:04.000,,t,m
662,1813-12-18 17:46:39.500,,S,m
663,1814-01-06 19:10:09.000,,S,m
663,1814-01-06 19:11:29.000,,t_sm,m
663,1814-01-06 19:12:03.000,,t_big,m
663,1814-01-06 19:12:32.000,,S,m
664,1814-02-12 21:38:30.000,,S,m
664,1814-02-12 21:38:50.000,,t,m
664,1814-02-12 21:40:45.000,,S,m
665,1814-02-13 21:42:29.000,,S,m
665,1814-02-13 21:42:40.000,,t,m
665,1814-02-13 21:44:34.000,,S,m
666,1814-03-31 00:35:45.500,,S,m
666,1814-03-31 00:37:20.000,,t,m
666,1814-03-31 00:37:59.000,,S,m
667,1814-04-07 00:59:45.250,,S,m
667,1814-04-07 01:00:59.500,,t,m
667,1814-04-07 01:01:56.000,,S,m
668,1814-06-02 04:37:36.500,,S,m
668,1814-06-02 04:39:34.000,,t,m
668,1814-06-02 04:39:55.500,,S,m
669,1814-06-06 04:54:00.500,,S,m
669,1814-06-06 04:55:03.000,,t,m
669,1814-06-06 04:56:19.500,,S,m
670,1814-07-02 06:41:41.750,,S,m
670,1814-07-02 06:42:19.000,,t_A,m
670,1814-07-02 06:42:25.000,,t_B,m
670,1814-07-02 06:42:57.000,,t_C,m
670,1814-07-02 06:44:00.500,,S,m
671,1814-07-03 06:45:48.000,,S,m
671,1814-07-03 06:46:12.000,,t_A,m
671,1814-07-03 06:46:15.000,,t_B,m
671,1814-07-03 06:46:47.000,,t_C,m
671,1814-07-03 06:47:01.000,,t_D,m
671,1814-07-03 06:48:06.500,,S,m
672,1814-07-07 07:02:09.500,,S,m
672,1814-07-07 07:02:13.000,,t_A,m
672,1814-07-07 07:04:27.500,,S,m
673,1814-07-14 07:30:32.000,,S,m
673,1814-07-14 07:31:43.000,,t_1,m
673,1814-07-14 07:31:49.000,,t_2,m
673,1814-07-14 07:32:49.750,,S,m
674,1814-07-18 07:46:40.250,,S,m
674,1814-07-18 07:46:56.000,,t_1,m
674,1814-07-18 07:47:03.000,,t_2,m
674,1814-07-18 07:48:57.500,,S,m
675,1814-07-31 08:37:55.000,,S,m
675,1814-07-31 08:39:39.500,,t,m
675,1814-07-31 08:40:10.000,,S,m
676,1814-07-03 10:44:38.500,,S,m
676,1814-07-03 10:44:59.000,,t,m
676,1814-07-03 10:46:49.000,,S,m
677,1814-07-04 10:48:15.000,,S,m
677,1814-07-04 10:48:25.000,,t,m
678,1814-09-29 12:18:42.500,,S,m
678,1814-09-29 12:19:24.000,,t_m,m
678,1814-09-29 12:20:51.750,,S,m
679,1814-10-03 12:33:12.000,,S,m
679,1814-10-03 12:33:17.000,,t_m,m
679,1814-10-03 12:35:16.000,,t_a,m
679,1814-10-03 12:35:22.000,,S,m
680,1814-10-08 12:51:34.000,,S,m
680,1814-10-08 12:52:38.000,,t,m
680,1814-10-08 12:53:45.000,,S,m
681,1814-10-09 12:55:17.000,,S,m
681,1814-10-09 12:56:08.000,,t,m
681,1814-10-09 12:57:27.500,,S,m
682,1814-11-27 16:09:28.500,,S,m
682,1814-11-27 16:11:23.000,,t,m
682,1814-11-27 16:11:50.000,,S,m
683,1814-12-01 16:26:30.000,,S,m
683,1814-12-01 16:27:53.000,,t,m
683,1814-12-01 16:28:52.000,,S,m
684,1814-12-03 16:35:16.250,,S,m
684,1814-12-03 16:36:06.750,,t,m
684,1814-12-03 16:37:38.250,,S,m
685,1814-12-04 16:39:41.000,,S,m
685,1814-12-04 16:40:16.250,,t,m
685,1814-12-04 16:42:04.000,,S,m
686,1814-12-10 17:06:10.500,,S,m
686,1814-12-10 17:08:15.000,,t,m
686,1814-12-10 17:08:33.250,,S,m
687,1814-12-11 17:10:35.250,,S,m
687,1814-12-11 17:12:28.000,,t,m
687,1814-12-11 17:12:59.500,,S,m
688,1814-12-12 17:15:03.250,,S,m
688,1814-12-12 17:16:11.250,,t,m
688,1814-12-12 17:17:27.250,,S,m
689,1814-12-14 17:23:46.125,,S,m
689,1814-12-14 17:24:51.000,,t,m
689,1814-12-14 17:26:10.250,,S,m
690,1814-12-15 17:28:09.000,,S,m
690,1814-12-15 17:28:58.750,,t,m
690,1814-12-15 17:30:33.000,,S,m
691,1814-12-17 17:36:55.000,,S,m
691,1814-12-17 17:37:17.000,,t,m
691,1814-12-17 17:39:19.500,,S,m
692,1814-12-18 17:41:20.000,,S,m
692,1814-12-18 17:41:30.000,,t,m
692,1814-12-18 17:43:43.250,,S,m
693,1814-12-28 18:25:46.500,,S,m
693,1814-12-28 18:26:56.000,,t,m
693,1814-12-28 18:28:10.750,,S,m
694,1815-01-09 19:18:48.250,,S,m
694,1815-01-09 19:19:51.000,,t,m
694,1815-01-09 19:21:11.000,,S,m
695,1815-01-12 19:31:34.000,,S,m
695,1815-01-12 19:31:56.000,,t,m
695,1815-01-12 19:33:56.500,,S,m
696,1815-01-18 19:57:12.500,,S,m
696,1815-01-18 19:59:02.000,,t,m
696,1815-01-18 19:59:34.000,,S,m
697,1815-01-21 20:09:44.250,,S,m
697,1815-01-21 20:10:48.000,,t,m
697,1815-01-21 20:12:05.000,,S,m
698,1815-02-06 21:15:12.500,,S,m
698,1815-02-06 21:16:04.000,,t_1,m
698,1815-02-06 21:17:25.000,,t_2,m
698,1815-02-06 21:17:29.000,,S,m
699,1815-02-09 21:27:30.000,,S,m
699,1815-02-09 21:27:44.000,,t_1,m
699,1815-02-09 21:29:11.000,,t_2,m
699,1815-02-09 21:29:46.000,,S,m
700,1815-06-04 04:47:26.125,,S,m
700,1815-06-04 04:48:24.000,,t_1,m
700,1815-06-04 04:49:00.000,,t_2,m
700,1815-06-04 04:49:06.000,,t_3,m
700,1815-06-04 04:49:10.000,,t_4,m
700,1815-06-04 04:49:44.750,,S,m
701,1815-06-08 05:03:59.000,,S,m
701,1815-06-08 05:06:10.000,,t,m
701,1815-06-08 05:06:17.000,,S,m
702,1815-06-12 05:20:35.000,,S,m
702,1815-06-12 05:22:20.000,,t_1,m
702,1815-06-12 05:22:26.000,,t_2,m
702,1815-06-12 05:22:54.500,,S,m
703,1815-06-26 06:19:00.500,,S,m
703,1815-06-26 06:21:12.000,,t,m
703,1815-06-26 06:21:19.500,,S,m
704,1815-06-28 06:27:20.250,,S,m
704,1815-06-28 06:29:10.000,,t,m
704,1815-06-28 06:29:39.000,,S,m
705,1815-07-02 06:43:56.750,,S,m
705,1815-07-02 06:44:49.000,,t,m
705,1815-07-02 06:46:16.000,,S,m
706,1815-07-03 06:48:06.000,,S,m
706,1815-07-03 06:48:10.000,,t_1,m
706,1815-07-03 06:48:42.000,,t_2,m
706,1815-07-03 06:50:26.000,,S,m
707,1815-08-16 09:41:58.750,,S,m
707,1815-08-16 09:43:04.000,,t,m
707,1815-08-16 09:44:11.000,,S,m
708,1815-11-19 15:38:17.250,,S,m
708,1815-11-19 15:40:01.000,,t,m
708,1815-11-19 15:40:37.000,,S,m
709,1815-11-22 15:50:51.500,,S,m
709,1815-11-22 15:51:51.000,,t,m
709,1815-11-22 15:53:11.250,,S,m
710,1815-12-07 16:55:38.000,,S,m
710,1815-12-07 16:57:38.000,,t,m
710,1815-12-07 16:58:01.000,,S,m
711,1816-02-07 21:17:29.500,,S,m
711,1816-02-07 21:18:13.500,,t,m
711,1816-02-07 21:19:45.750,,S,m
712,1816-05-02 02:38:52.000,,S,m
712,1816-05-02 02:39:36.000,,t,m
712,1816-05-02 02:41:06.500,,S,m
713,1816-05-26 04:14:24.000,,S,m
713,1816-05-26 04:15:40.000,,t,m
713,1816-05-26 04:16:42.000,,S,m
714,1816-06-30 06:40:33.250,,S,m
714,1816-06-30 06:42:32.000,,t,m
714,1816-06-30 06:42:52.250,,S,m
715,1816-07-03 06:53:05.000,,S,m
715,1816-07-03 06:55:15.000,,t_m,m
715,1816-07-03 06:55:23.000,,S,m
716,1816-07-04 06:57:15.500,,S,m
716,1816-07-04 06:58:18.000,,t,m
716,1816-07-04 06:59:18.000,,t_m,m
716,1816-07-04 06:59:34.000,,S,m
717,1816-07-06 07:05:35.750,,S,m
717,1816-07-06 07:07:14.250,,t_m,m
717,1816-07-06 07:07:54.125,,S,m
718,1816-07-11 07:26:13.000,,S,m
718,1816-07-11 07:26:38.000,,t_m,m
718,1816-07-11 07:26:51.000,,t,m
718,1816-07-11 07:28:30.500,,S,m
719,1816-08-04 09:02:34.500,,S,m
719,1816-08-04 09:03:08.000,,t,m
719,1816-08-04 09:04:49.000,,S,m
720,1816-09-25 11:50:51.500,,S,m
720,1816-09-25 11:51:34.000,,t,m
720,1816-09-25 11:53:00.250,,S,m
721,1816-10-05 11:47:43.000,,S,m
721,1816-10-05 11:47:57.000,,t_1,m
721,1816-10-05 11:48:09.000,,t_2,m
721,1816-10-05 11:48:51.000,,t_3,m
721,1816-10-05 11:49:52.500,,S,m
722,1816-10-06 11:47:24.250,,S,m
722,1816-10-06 11:48:20.000,,t,m
722,1816-10-06 11:49:35.000,,S,m
723,1816-10-09 23:46:34.500,,S,m
723,1816-10-09 23:47:18.000,,t_1,m
723,1816-10-09 23:47:29.500,,t_2,m
723,1816-10-09 23:48:44.500,,S,m
724,1816-10-10 23:46:18.500,,S,m
724,1816-10-10 23:46:50.000,,t_1,m
724,1816-10-10 23:47:00.000,,t_2,m
724,1816-10-10 23:48:28.500,,S,m
725,1816-10-12 23:45:48.250,,S,m
725,1816-10-12 23:46:01.000,,t_1,m
725,1816-10-12 23:46:08.000,,t_2,m
725,1816-10-12 23:47:59.000,,S,m
726,1816-10-14 23:45:18.500,,S,m
726,1816-10-14 23:45:25.500,,t_2,m
726,1816-10-14 23:47:28.500,,S,m
727,1816-10-17 11:44:46.000,,S,m
727,1816-10-17 11:45:45.000,,t_3,m
727,1816-10-17 11:45:50.000,,t_4,m
727,1816-10-17 11:46:58.000,,S,m
728,1816-10-20 23:44:24.500,,S,m
728,1816-10-20 23:44:51.000,,t_3,m
728,1816-10-20 23:46:37.000,,S,m
729,1816-10-21 23:44:18.500,,S,m
729,1816-10-21 23:44:38.000,,t_3,m
729,1816-10-21 23:46:31.000,,S,m
730,1816-10-23 23:44:13.000,,S,m
730,1816-10-23 23:46:08.000,,t_5,m
730,1816-10-23 23:46:25.250,,S,m
731,1816-10-24 11:44:11.250,,S,m
731,1816-10-24 11:45:57.000,,t_5,m
731,1816-10-24 11:46:23.500,,S,m
732,1816-10-31 11:44:18.500,,S,m
732,1816-10-31 11:44:40.000,,t_1,m
732,1816-10-31 11:45:59.000,,t_2,m
732,1816-10-31 11:46:33.250,,S,m
733,1816-11-02 23:44:26.000,,S,m
733,1816-11-02 23:45:16.000,,t,m
733,1816-11-02 23:46:41.000,,S,m
734,1816-11-16 23:47:09.250,,S,m
734,1816-11-16 23:49:23.000,,t,m
734,1816-11-16 23:49:28.750,,S,m
735,1816-11-18 11:47:53.000,,S,m
735,1816-11-18 11:49:53.000,,t,m
735,1816-11-18 11:50:12.250,,S,m
736,1816-11-19 23:48:17.500,,S,m
736,1816-11-19 23:50:17.000,,t,m
736,1816-11-19 23:50:36.000,,S,m
737,1816-11-25 23:50:59.500,,S,m
737,1816-11-25 23:51:27.000,,t1,m
737,1816-11-25 23:53:52.000,,t2,m
737,1816-11-25 23:53:20.000,,S,m
738,1816-11-27 23:47:05.250,,S,m
738,1816-11-27 23:47:16.000,,t1,m
738,1816-11-27 23:48:33.000,,t2,m
738,1816-11-27 23:49:26.000,,S,m
739,1816-12-21 00:01:39.250,,S,m
739,1816-12-21 00:02:19.750,,t,m
739,1816-12-21 00:04:03.750,,S,m
740,1816-12-23 11:57:28.500,,S,m
740,1816-12-23 11:57:44.000,,t,m
740,1816-12-23 11:59:52.250,,S,m
741,1816-12-28 00:00:16.500,,S,m
741,1816-12-28 00:00:43.000,,t,m
741,1816-12-28 00:02:39.500,,S,m
742,1817-01-11 00:06:33.500,,S,m
742,1817-01-11 00:08:40.000,,t,m
742,1817-01-11 00:08:56.000,,S,m
743,1817-01-13 00:07:21.000,,S,m
743,1817-01-13 00:09:03.500,,t,m
743,1817-01-13 00:09:43.000,,S,m
744,1817-01-16 00:08:28.000,,S,m
744,1817-01-16 00:09:25.000,,t,m
744,1817-01-16 00:10:50.000,,S,m
745,1817-01-21 00:10:07.000,,S,m
745,1817-01-21 00:10:08.500,,t,m
745,1817-01-21 00:12:26.200,,S,m
746,1819-01-01 23:57:52.500,1819-01-01 11:57:52.500,S,m
746,1819-01-01 23:58:21.000,1819-01-01 11:58:21.000,t1,m
746,1819-01-01 23:58:29.000,1819-01-01 11:58:29.000,t2,m
746,1819-01-01 00:00:01.000,1819-01-01 12:00:01.000,t3,m
746,1819-01-01 00:00:16.000,1819-01-01 12:00:16.000,S,m
747,1819-01-02 23:58:14.500,1819-01-02 11:58:14.500,S,m
747,1819-01-02 23:58:32.500,1819-01-02 11:58:32.500,t1,m
747,1819-01-02 23:58:41.000,1819-01-02 11:58:41.000,t2,m
747,1819-01-02 00:00:12.000,1819-01-02 12:00:12.000,t3,m
747,1819-01-02 00:00:38.000,1819-01-02 12:00:38.000,S,m
748,1819-10-02 23:45:27.250,,S,m
748,1819-10-02 23:47:19.000,,t,m
748,1819-10-02 23:47:37.000,,S,m
749,1819-10-03 23:45:00.500,,S,m
749,1819-10-03 23:46:47.000,,t,m
749,1819-10-03 23:47:10.000,,S,m
750,1819-10-07 23:43:21.000,,S,m
750,1819-10-07 23:44:24.000,,t,m
750,1819-10-07 23:45:31.000,,S,m
751,1820-04-19 11:58:57.500,,S,m
751,1820-04-19 11:59:35.000,,t,m
751,1820-04-19 00:01:09.000,1820-04-19 12:01:09.000,S,m
752,1820-05-13 11:56:01.750,,S,m
752,1820-05-13 11:56:27.000,,t1,m
752,1820-05-13 11:57:55.750,,t2,m
752,1820-05-13 11:58:06.250,,S,m
753,1820-05-10 11:56:09.000,,S,m
753,1820-05-10 11:57:16.000,,t1,m
753,1820-05-10 11:58:04.500,,t2,m
753,1820-05-10 11:58:23.000,,S,m
754,1820-05-11 11:56:05.500,,S,m
754,1820-05-11 11:57:51.000,,t,m
754,1820-05-11 11:58:20.000,,S,m
755,1820-05-14 11:55:59.500,,S,m
755,1820-05-14 11:57:42.000,,t,m
755,1820-05-14 11:58:14.250,,S,m
756,1820-11-29 16:17:20.000,,S,m
756,1820-11-29 16:18:05.000,,t,m
756,1820-11-29 16:19:40.500,,S,m
757,1820-12-02 16:30:10.000,,S,m
757,1820-12-02 16:30:24.000,,t,m
757,1820-12-02 16:32:35.000,,S,m
758,1820-12-07 16:51:24.000,,S,m
758,1820-12-07 16:53:35.000,,t1,m
758,1820-12-07 16:53:40.000,,t2,m
758,1820-12-07 16:53:47.000,,S,m
759,1820-12-09 16:59:47.500,,S,m
759,1820-12-09 17:01:39.000,,t1,m
759,1820-12-09 17:01:49.000,,t2,m
759,1820-12-09 17:02:11.000,,S,m
760,1820-12-10 17:04:05.500,,S,m
760,1820-12-10 17:05:43.000,,t1,m
760,1820-12-10 17:05:53.000,,t2,m
760,1820-12-10 17:06:28.000,,S,m
761,1820-12-16 17:30:39.500,,S,m
761,1820-12-16 17:31:00.000,,tA,m
761,1820-12-16 17:32:29.000,,S,m
762,1820-12-17 17:35:06.000,,S,m
762,1820-12-17 17:35:15.000,,tA,m
762,1820-12-17 17:37:31.000,,S,m
763,1820-12-18 17:39:31.750,,S,m
763,1820-12-18 17:39:34.750,,tA,m
763,1820-12-18 17:41:55.000,,S,m
764,1821-01-04 18:54:52.000,,S,m
764,1821-01-04 18:57:01.000,,t,m
764,1821-01-04 18:57:17.000,,S,m
765,1821-08-08 09:04:30.000,,S,m
765,1821-08-08 09:06:36.000,,t,m
765,1821-08-08 09:06:43.000,,S,m
766,1821-08-09 09:08:10.750,,S,m
766,1821-08-09 09:10:09.250,,t,m
766,1821-08-09 09:10:24.750,,S,m
767,1821-08-16 09:30:08.750,,S,m
767,1821-08-16 09:30:47.000,,t,m
767,1821-08-16 09:32:21.250,,S,m
768,1821-08-18 09:41:00.750,,S,m
768,1821-08-18 09:41:13.000,,t,m
768,1821-08-18 09:43:12.250,,S,m
769,1821-09-26 11:57:45.250,,S,m
769,1821-09-26 11:59:33.000,,t,m
769,1821-09-26 11:59:55.000,,S,m
770,1821-10-03 12:22:30.500,,S,m
770,1821-10-03 12:22:56.000,,t1,m
770,1821-10-03 12:22:59.000,,t2,m
770,1821-10-03 12:24:40.500,,S,m
771,1821-10-04 12:26:04.500,,S,m
771,1821-10-04 12:26:23.000,,t1,m
771,1821-10-04 12:28:15.000,,S,m
772,1821-10-14 13:02:15.000,,S,m
772,1821-10-14 13:04:07.000,,t,m
772,1821-10-14 13:04:26.250,,S,m
773,1821-10-16 13:05:56.000,,S,m
773,1821-10-16 13:07:39.000,,t,m
773,1821-10-16 13:08:07.250,,S,m
774,1821-10-17 13:13:20.500,,S,m
774,1821-10-17 13:14:39.000,,t,m
774,1821-10-17 13:15:33.000,,S,m
775,1821-10-22 13:32:08.250,,S,m
775,1821-10-22 13:33:45.000,,t,m
775,1821-10-22 13:34:21.250,,S,m
776,1821-10-25 13:43:31.000,,S,m
776,1821-10-25 13:43:58.500,,t,m
776,1821-10-25 13:45:44.000,,S,m
777,1821-10-27 13:51:08.000,,S,m
777,1821-10-27 13:51:40.000,,t,m
777,1821-10-27 13:53:24.250,,S,m
778,1821-10-28 13:54:57.250,,S,m
778,1821-10-28 13:55:20.500,,t,m
778,1821-10-28 13:57:12.000,,S,m
779,1821-10-29 13:58:45.250,,S,m
779,1821-10-29 13:59:04.000,,t,m
779,1821-10-29 14:01:03.500,,S,m
780,1822-03-30 00:20:11.750,,S,m
780,1822-03-30 00:20:40.000,,t,m
780,1822-03-30 00:22:22.000,,S,m
781,1822-07-24 07:49:53.500,,S,m
781,1822-07-24 07:51:39.000,,t,m
781,1822-07-24 07:52:00.000,,S,m
782,1823-12-07 23:51:31.250,,S,m
782,1823-12-07 23:52:53.250,,t,m
782,1823-12-07 23:53:54.500,,S,m
783,1823-12-08 23:51:59.000,,S,m
783,1823-12-08 23:53:07.000,,t,m
783,1823-12-08 23:54:22.000,,S,m
784,1823-12-10 23:53:02.000,,S,m
784,1823-12-10 23:53:43.000,,t,m
784,1823-12-10 23:55:25.250,,S,m
785,1823-12-11 23:53:53.750,,S,m
785,1823-12-11 23:54:06.500,,t,m
785,1823-12-11 23:55:59.000,,S,m
786,1823-12-12 23:50:08.000,,S,m
786,1823-12-12 23:50:29.500,,t,m
786,1823-12-12 23:52:32.000,,S,m
787,1823-12-22 23:58:28.000,,S,m
787,1823-12-22 23:58:38.500,,t,m
787,1823-12-22 00:00:51.000,,S,m
788,1823-12-31 00:06:27.000,,S,m
788,1823-12-31 00:08:32.000,,t,m
788,1823-12-31 00:08:50.000,,S,m
789,1824-01-05 00:08:43.500,,S,m
789,1824-01-05 00:09:45.000,,t,m
789,1824-01-05 00:11:06.500,,S,m
790,1824-01-07 00:09:36.500,,S,m
790,1824-01-07 00:10:48.000,,t,m
790,1824-01-07 00:11:59.500,,S,m
791,1824-09-18 23:52:05.000,,S,m
791,1824-09-18 23:54:11.000,,t,m
791,1824-09-18 23:54:14.000,,S,m
792,1824-09-19 23:51:43.250,,S,m
792,1824-09-19 23:53:46.000,,t,m
792,1824-09-19 23:53:52.250,,S,m
793,1824-09-20 23:51:22.000,,S,m
793,1824-09-20 23:53:19.000,,t,m
793,1824-09-20 23:53:31.000,,S,m
794,1824-09-23 23:50:21.000,,S,m
794,1824-09-23 23:51:51.500,,t,m
794,1824-09-23 23:52:30.000,,S,m
795,1824-10-14 23:46:00.250,,S,m
795,1824-10-14 23:47:14.000,,t1,m
795,1824-10-14 23:47:20.000,,t2,m
795,1824-10-14 23:48:11.000,,S,m
796,1824-10-21 23:45:53.250,,S,m
796,1824-10-21 23:47:44.000,,t,m
796,1824-10-21 23:48:05.000,,S,m
797,1825-01-24 00:13:46.000,,S,m
797,1825-01-24 00:15:03.000,,tA,m
797,1825-01-24 00:16:05.250,,S,m
798,1825-01-27 00:14:55.250,,S,m
798,1825-01-27 00:15:29.000,,tA,m
798,1825-01-27 00:17:14.250,,S,m
799,1825-02-07 00:18:05.000,,S,m
799,1825-02-07 00:18:41.500,,t1,m
799,1825-02-07 00:18:52.000,,t2,m
799,1825-02-07 00:20:20.500,,S,m
800,1825-03-10 23:19:25.000,,S,m
800,1825-03-10 23:19:30.000,,t1,m
800,1825-03-10 23:19:36.000,,t2,m
800,1825-03-10 23:21:35.500,,S,m
801,1825-06-06 04:56:04.000,,S,m
801,1825-06-06 04:57:25.000,,t,m
801,1825-06-06 04:58:22.250,,S,m
802,1825-06-11 05:16:34.500,,S,m
802,1825-06-11 05:16:52.000,,t,m
802,1825-06-11 05:18:53.750,,S,m
803,1825-06-15 05:32:52.000,,S,m
803,1825-06-15 05:33:04.000,,t,m
803,1825-06-15 05:35:10.500,,S,m
804,1825-06-16 05:36:56.500,,S,m
804,1825-06-16 05:37:02.000,,t,m
804,1825-06-16 05:39:15.250,,S,m
805,1825-06-22 06:01:20.500,,S,m
805,1825-06-22 06:03:28.000,,t,m
805,1825-06-22 06:03:39.750,,S,m
806,1825-06-23 06:05:30.000,,S,m
806,1825-06-23 06:07:28.000,,t,m
806,1825-06-23 06:07:49.250,,S,m
807,1825-06-27 06:21:51.250,,S,m
807,1825-06-27 06:22:54.000,,t,m
807,1825-06-27 06:24:10.500,,S,m
808,1825-07-17 07:47:35.500,,S,m
808,1825-07-17 07:48:25.500,,t,m
808,1825-07-17 07:49:52.500,,S,m
809,1825-07-30 08:35:35.500,,S,m
809,1825-07-30 08:36:14.500,,t,m
809,1825-07-30 08:37:50.250,,S,m
810,1825-08-01 08:42:38.000,,S,m
810,1825-08-01 08:42:55.000,,t,m
810,1825-08-01 08:44:53.500,,S,m
811,1825-08-06 09:04:14.500,,S,m
811,1825-08-06 09:06:15.000,,t1,m
811,1825-08-06 09:06:21.000,,t2,m
811,1825-08-06 09:06:28.500,,S,m
812,1825-08-25 10:14:06.250,,S,m
812,1825-08-25 10:15:08.000,,t,m
812,1825-08-25 10:16:18.000,,S,m
813,1825-11-23 23:47:20.250,,S,m
813,1825-11-23 23:48:30.000,,t,m
813,1825-11-23 23:49:40.500,,S,m
814,1825-12-17 23:57:05.000,,S,m
814,1825-12-17 23:58:16.000,,t,m
814,1825-12-17 23:59:28.000,,S,m
815,1826-03-08 00:15:24.000,,S,m
815,1826-03-08 00:15:51.000,,t,m
815,1826-03-08 00:17:35.000,,S,m
816,1826-03-11 00:14:31.000,,S,m
816,1826-03-11 00:14:49.000,,t,m
816,1826-03-11 00:17:13.000,,S,m
817,1826-09-27 11:42:29.000,,S,m
817,1826-09-27 11:43:42.000,,t,m
817,1826-09-27 11:44:38.000,,S,m
818,1826-10-07 11:38:07.500,,S,m
818,1826-10-07 11:38:47.000,,t,m
818,1826-10-07 11:40:17.000,,S,m
819,1826-10-08 11:37:44.500,,S,m
819,1826-10-08 11:38:16.000,,t,m
819,1826-10-08 11:39:55.000,,S,m
820,1826-11-21 11:45:03.000,,S,m
820,1826-11-21 11:45:30.000,,t,m
820,1826-11-21 11:47:23.000,,S,m
821,1826-12-20 11:55:56.500,,S,m
821,1826-12-20 11:57:12.000,,t,m
821,1826-12-20 11:58:21.000,,S,m
822,1826-12-25 11:59:27.000,,S,m
822,1826-12-25 00:01:28.000,1826-12-25 12:01:28.000,tA,m
822,1826-12-25 00:01:52.000,1826-12-25 12:01:52.000,S,m
823,1826-12-28 00:00:00.000,,S,m
823,1826-12-28 00:01:20.000,,tA,m
823,1826-12-28 00:02:24.000,,S,m
824,1826-12-31 00:01:30.250,,S,m
824,1826-12-31 00:02:04.500,,tA,m
824,1826-12-31 00:02:24.500,,tB,m
824,1826-12-31 00:03:54.000,,S,m
825,1827-01-01 11:54:43.500,,S,m
825,1827-01-01 11:55:05.500,,tA,m
825,1827-01-01 11:56:26.000,,tB,m
825,1827-01-01 11:57:10.000,,S,m
826,1827-01-01 00:01:58.250,,S,m
826,1827-01-01 00:02:19.000,,tA,m
826,1827-01-01 00:03:39.000,,tB,m
826,1827-01-01 00:04:22.000,,S,m
827,1827-01-01 00:08:10.750,,S,m
827,1827-01-01 00:08:32.000,,tA,m
827,1827-01-01 00:09:51.000,,tB,m
827,1827-01-01 00:10:35.000,,S,m
828,1827-01-07 00:04:46.000,,S,m
828,1827-01-07 00:05:06.000,,tB,m
828,1827-01-07 00:07:09.500,,S,m
829,1827-02-14 00:13:53.000,,S,m
829,1827-02-14 00:15:37.000,,t,m
829,1827-02-14 00:16:07.500,,S,m
830,1827-02-26 00:13:00.000,,S,m
830,1827-02-26 00:14:31.000,,t3,m
830,1827-02-26 00:15:12.000,,S,m
831,1827-02-28 00:12:38.000,,S,m
831,1827-02-28 00:13:43.500,,t3,m
831,1827-02-28 00:14:50.000,,S,m
832,1827-03-06 00:11:20.500,,S,m
832,1827-03-06 00:12:22.500,,t3,m
832,1827-03-06 00:13:32.000,,S,m
833,1827-03-10 00:09:55.000,,S,m
833,1827-03-10 00:11:22.000,,t,m
833,1827-03-10 00:12:04.000,,S,m
834,1827-11-28 00:00:04.000,,S,m
834,1827-11-28 00:01:51.000,,t1,m
834,1827-11-28 00:01:54.000,,t2,m
834,1827-11-28 00:02:25.000,,S,m
835,1827-12-03 00:02:50.000,,S,m
835,1827-12-03 00:04:42.500,,t,m
835,1827-12-03 00:05:13.500,,S,m
836,1827-12-05 00:03:58.000,,S,m
836,1827-12-05 00:05:44.000,,t,m
836,1827-12-05 00:06:21.000,,S,m
837,1827-12-17 00:11:22.000,,S,m
837,1827-12-17 00:13:32.000,,t_cc,m
837,1827-12-17 00:13:34.000,,t_beta,m
837,1827-12-17 00:13:46.000,,S,m
838,1827-12-19 00:12:40.000,,S,m
838,1827-12-19 00:13:29.500,,t_cc,m
838,1827-12-19 00:15:04.000,,S,m
839,1827-12-20 00:15:23.500,,S,m
839,1827-12-20 00:16:40.250,,t_cc,m
839,1827-12-20 00:17:47.250,,S,m
840,1827-12-24 00:16:02.000,,S,m
840,1827-12-24 00:16:33.000,,t_cc,m
840,1827-12-24 00:18:25.500,,S,m
841,1827-12-25 00:16:41.000,,S,m
841,1827-12-25 00:17:00.500,,t_cc,m
841,1827-12-25 00:19:04.250,,S,m
842,1827-12-27 00:17:58.000,,S,m
842,1827-12-27 00:18:01.500,,t_cc,m
842,1827-12-27 00:20:21.500,,S,m
843,1827-12-29 00:19:17.000,,S,m
843,1827-12-29 00:20:53.000,,t1,m
843,1827-12-29 00:21:00.000,,t2,m
843,1827-12-29 00:21:40.250,,S,m
844,1827-12-30 00:01:26.500,,S,m
844,1827-12-30 00:03:41.000,,t_new,m
844,1827-12-30 00:03:50.000,,S,m
845,1827-12-31 00:05:55.000,,S,m
845,1827-12-31 00:06:30.000,,t,m
845,1827-12-31 00:08:07.000,,t_new,m
845,1827-12-31 00:08:18.000,,S,m
846,1828-01-13 00:09:17.500,,S,m
846,1828-01-13 00:11:26.500,,t,m
846,1828-01-13 00:11:39.000,,S,m
847,1828-01-16 00:10:29.500,,S,m
847,1828-01-16 00:12:04.000,,t,m
847,1828-01-16 00:12:50.000,,S,m
848,1828-01-20 00:11:56.000,,S,m
848,1828-01-20 00:13:20.000,,t,m
848,1828-01-20 00:14:17.000,,S,m
849,1828-01-22 00:12:36.000,,S,m
849,1828-01-22 00:14:19.500,,t,m
849,1828-01-22 00:14:38.000,,t2,m
849,1828-01-22 00:14:57.500,,S,m
850,1828-01-23 00:12:59.000,,S,m
850,1828-01-23 00:14:23.000,,t1,m
850,1828-01-23 00:15:16.500,,S,m
851,1828-01-26 00:13:49.500,,S,m
851,1828-01-26 00:14:30.000,,t,m
851,1828-01-26 00:16:01.000,,t_new,m
851,1828-01-26 00:16:08.500,,S,m
852,1828-01-27 00:14:04.500,,S,m
852,1828-01-27 00:14:34.000,,t,m
852,1828-01-27 00:16:11.000,,t2,m
852,1828-01-27 00:16:24.000,,S,m
853,1828-02-03 00:15:17.250,,S,m
853,1828-02-03 00:17:23.000,,tA,m
853,1828-02-03 00:17:35.000,,S,m
854,1828-02-05 00:15:36.000,,S,m
854,1828-02-05 00:17:20.000,,tA,m
854,1828-02-05 00:17:51.000,,S,m
855,1828-02-13 00:16:18.000,,S,m
855,1828-02-13 00:18:27.000,,tA,m
855,1828-02-13 00:18:33.500,,S,m
856,1828-02-16 00:16:28.500,,S,m
856,1828-02-16 00:18:07.000,,tA,m
856,1828-02-16 00:18:42.000,,S,m
857,1828-02-24 00:16:06.500,,S,m
857,1828-02-24 00:16:10.500,,t,m
857,1828-02-24 00:18:19.250,,S,m
858,1828-03-26 00:09:37.000,,S,m
858,1828-03-26 00:10:02.000,,t,m
858,1828-03-26 00:11:47.000,,S,m
859,1828-03-27 00:09:22.500,,S,m
859,1828-03-27 00:09:37.500,,t,m
859,1828-03-27 00:11:31.500,,S,m
860,1828-05-28 11:54:36.500,,S,m
860,1828-05-28 11:54:38.000,,t,m
860,1828-05-28 11:56:51.500,,S,m
861,1828-11-06 11:37:39.000,,S,m
861,1828-11-06 11:38:51.000,,t,m
861,1828-11-06 11:39:55.000,,S,m
862,1829-11-01 11:36:06.250,,S,m
862,1829-11-01 11:37:40.000,,t,m
862,1829-11-01 11:38:21.000,,S,m
863,1830-03-06 00:16:02.500,,S,m
863,1830-03-06 00:17:02.500,,t,m
863,1830-03-06 00:18:14.500,,S,m
864,1830-03-14 00:14:22.000,,S,m
864,1830-03-14 00:15:33.000,,t,m
864,1830-03-14 00:16:32.500,,S,m
865,1830-03-20 00:12:53.500,,S,m
865,1830-03-20 00:14:37.000,,t_new,m
865,1830-03-20 00:15:04.000,,S,m
866,1830-03-22 00:12:20.000,,S,m
866,1830-03-22 00:13:41.000,,t,m
866,1830-03-22 00:14:30.000,,S,m
867,1830-03-24 00:11:44.500,,S,m
867,1830-03-24 00:12:39.500,,t,m
867,1830-03-24 00:13:54.500,,S,m
868,1830-06-06 11:55:14.250,,S,m
868,1830-06-06 11:56:31.000,,t,m
868,1830-06-06 11:57:32.750,,S,m
869,1830-06-07 11:55:20.750,,S,m
869,1830-06-07 11:56:10.000,,t,m
869,1830-06-07 11:57:39.500,,S,m
870,1830-06-26 11:58:16.500,,S,m
870,1830-06-26 00:00:12.500,1830-06-26 12:00:12.500,t,m
870,1830-06-26 00:00:35.500,1830-06-26 12:00:35.500,S,m
871,1830-08-23 11:53:40.000,,S,m
871,1830-08-23 11:54:53.000,,t,m
871,1830-08-23 11:55:51.000,,S,m
872,1830-09-15 11:45:15.500,,S,m
872,1830-09-15 11:47:16.000,,t,m
872,1830-09-15 11:47:25.000,,S,m
873,1830-09-16 11:44:53.000,,S,m
873,1830-09-16 11:45:25.000,,t,m
873,1830-09-16 11:47:02.500,,S,m
874,1830-09-30 11:40:02.000,,S,m
874,1830-09-30 11:40:37.500,,t1,m
874,1830-09-30 11:41:45.000,,t2,m
874,1830-09-30 11:42:11.000,,S,m
875,1830-10-03 11:39:06.500,,S,m
875,1830-10-03 11:39:15.000,,t,m
875,1830-10-03 11:40:40.500,,t_new,m
875,1830-10-03 11:41:16.500,,S,m
876,1830-10-04 11:38:47.500,,S,m
876,1830-10-04 11:39:10.500,1830-10-04 11:40:10.500,t,m
876,1830-10-04 11:40:57.000,,S,m
877,1830-10-06 11:38:12.500,,S,m
877,1830-10-06 11:39:10.250,,t,m
877,1830-10-06 11:40:22.000,,S,m
878,1830-10-07 11:37:53.750,,S,m
878,1830-10-07 11:38:39.250,,t,m
878,1830-10-07 11:40:04.250,,S,m
879,1830-10-09 11:37:20.750,,S,m
879,1830-10-09 11:37:42.250,,t,m
879,1830-10-09 11:39:30.250,,S,m
880,1830-10-10 11:37:07.000,,S,m
880,1830-10-10 11:37:19.000,,t,m
880,1830-10-10 11:39:16.250,,S,m
881,1830-10-13 11:36:20.250,,S,m
881,1830-10-13 11:36:15.750,1830-10-13 11:38:15.750,t_new,m
881,1830-10-13 11:38:30.750,,S,m
